-- phpMyAdmin SQL Dump
-- version 5.2.0
-- https://www.phpmyadmin.net/
--
-- Host: 127.0.0.1:3306
-- Generation Time: Sep 12, 2023 at 11:46 AM
-- Server version: 8.0.31
-- PHP Version: 8.0.26

SET SQL_MODE = "NO_AUTO_VALUE_ON_ZERO";
START TRANSACTION;
SET time_zone = "+00:00";


/*!40101 SET @OLD_CHARACTER_SET_CLIENT=@@CHARACTER_SET_CLIENT */;
/*!40101 SET @OLD_CHARACTER_SET_RESULTS=@@CHARACTER_SET_RESULTS */;
/*!40101 SET @OLD_COLLATION_CONNECTION=@@COLLATION_CONNECTION */;
/*!40101 SET NAMES utf8mb4 */;

--
-- Database: `eapi`
--

-- --------------------------------------------------------

--
-- Table structure for table `failed_jobs`
--

DROP TABLE IF EXISTS `failed_jobs`;
CREATE TABLE IF NOT EXISTS `failed_jobs` (
  `id` bigint UNSIGNED NOT NULL AUTO_INCREMENT,
  `uuid` varchar(255) COLLATE utf8mb4_unicode_ci NOT NULL,
  `connection` text COLLATE utf8mb4_unicode_ci NOT NULL,
  `queue` text COLLATE utf8mb4_unicode_ci NOT NULL,
  `payload` longtext COLLATE utf8mb4_unicode_ci NOT NULL,
  `exception` longtext COLLATE utf8mb4_unicode_ci NOT NULL,
  `failed_at` timestamp NOT NULL DEFAULT CURRENT_TIMESTAMP,
  PRIMARY KEY (`id`),
  UNIQUE KEY `failed_jobs_uuid_unique` (`uuid`)
) ENGINE=InnoDB DEFAULT CHARSET=utf8mb4 COLLATE=utf8mb4_unicode_ci;

-- --------------------------------------------------------

--
-- Table structure for table `migrations`
--

DROP TABLE IF EXISTS `migrations`;
CREATE TABLE IF NOT EXISTS `migrations` (
  `id` int UNSIGNED NOT NULL AUTO_INCREMENT,
  `migration` varchar(255) COLLATE utf8mb4_unicode_ci NOT NULL,
  `batch` int NOT NULL,
  PRIMARY KEY (`id`)
) ENGINE=MyISAM AUTO_INCREMENT=7 DEFAULT CHARSET=utf8mb4 COLLATE=utf8mb4_unicode_ci;

--
-- Dumping data for table `migrations`
--

INSERT INTO `migrations` (`id`, `migration`, `batch`) VALUES
(1, '2014_10_12_000000_create_users_table', 1),
(2, '2014_10_12_100000_create_password_resets_table', 1),
(3, '2019_08_19_000000_create_failed_jobs_table', 1),
(4, '2019_12_14_000001_create_personal_access_tokens_table', 1),
(5, '2023_09_11_203353_create_products_table', 1),
(6, '2023_09_11_205129_create_reviews_table', 2);

-- --------------------------------------------------------

--
-- Table structure for table `password_resets`
--

DROP TABLE IF EXISTS `password_resets`;
CREATE TABLE IF NOT EXISTS `password_resets` (
  `email` varchar(255) COLLATE utf8mb4_unicode_ci NOT NULL,
  `token` varchar(255) COLLATE utf8mb4_unicode_ci NOT NULL,
  `created_at` timestamp NULL DEFAULT NULL,
  KEY `password_resets_email_index` (`email`)
) ENGINE=InnoDB DEFAULT CHARSET=utf8mb4 COLLATE=utf8mb4_unicode_ci;

-- --------------------------------------------------------

--
-- Table structure for table `personal_access_tokens`
--

DROP TABLE IF EXISTS `personal_access_tokens`;
CREATE TABLE IF NOT EXISTS `personal_access_tokens` (
  `id` bigint UNSIGNED NOT NULL AUTO_INCREMENT,
  `tokenable_type` varchar(255) COLLATE utf8mb4_unicode_ci NOT NULL,
  `tokenable_id` bigint UNSIGNED NOT NULL,
  `name` varchar(255) COLLATE utf8mb4_unicode_ci NOT NULL,
  `token` varchar(64) COLLATE utf8mb4_unicode_ci NOT NULL,
  `abilities` text COLLATE utf8mb4_unicode_ci,
  `last_used_at` timestamp NULL DEFAULT NULL,
  `created_at` timestamp NULL DEFAULT NULL,
  `updated_at` timestamp NULL DEFAULT NULL,
  PRIMARY KEY (`id`),
  UNIQUE KEY `personal_access_tokens_token_unique` (`token`),
  KEY `personal_access_tokens_tokenable_type_tokenable_id_index` (`tokenable_type`,`tokenable_id`)
) ENGINE=InnoDB DEFAULT CHARSET=utf8mb4 COLLATE=utf8mb4_unicode_ci;

-- --------------------------------------------------------

--
-- Table structure for table `products`
--

DROP TABLE IF EXISTS `products`;
CREATE TABLE IF NOT EXISTS `products` (
  `id` int UNSIGNED NOT NULL AUTO_INCREMENT,
  `name` varchar(255) COLLATE utf8mb4_unicode_ci NOT NULL,
  `detail` text COLLATE utf8mb4_unicode_ci NOT NULL,
  `price` int NOT NULL,
  `stock` int NOT NULL,
  `discount` int NOT NULL,
  `created_at` timestamp NULL DEFAULT NULL,
  `updated_at` timestamp NULL DEFAULT NULL,
  PRIMARY KEY (`id`)
) ENGINE=InnoDB AUTO_INCREMENT=151 DEFAULT CHARSET=utf8mb4 COLLATE=utf8mb4_unicode_ci;

--
-- Dumping data for table `products`
--

INSERT INTO `products` (`id`, `name`, `detail`, `price`, `stock`, `discount`, `created_at`, `updated_at`) VALUES
(1, 'sed', 'Dolores esse aut assumenda. Quas error illo sequi nihil temporibus et corporis. Quibusdam voluptatem aliquam qui officia distinctio. Temporibus sit est quia deserunt. Occaecati tempore dolorem soluta odit consequatur nostrum omnis.', 881, 6, 9, '2023-09-12 10:34:13', '2023-09-12 10:34:13'),
(2, 'sed', 'Enim ducimus atque distinctio perspiciatis modi expedita quam. Dolorem occaecati aperiam pariatur. Quia odit sed in est aliquam possimus unde debitis. Quasi vero ut animi sed reiciendis sed saepe.', 128, 4, 17, '2023-09-12 10:34:14', '2023-09-12 10:34:14'),
(3, 'vero', 'Sequi aut deserunt laboriosam delectus eaque beatae. Maiores labore qui enim voluptatem facilis eos. Ut eligendi reiciendis quaerat sint unde quibusdam sint. Ut repellendus animi consequatur. Ut porro aspernatur laborum dolores necessitatibus.', 179, 7, 6, '2023-09-12 10:34:14', '2023-09-12 10:34:14'),
(4, 'voluptas', 'Labore reiciendis maxime earum doloremque. Sint illo tempore excepturi. Eos nam officiis labore quam consequatur adipisci qui.', 588, 4, 4, '2023-09-12 10:34:15', '2023-09-12 10:34:15'),
(5, 'quibusdam', 'Quo molestiae ea eum. Delectus ut id explicabo explicabo ipsam. Facere consequuntur aut necessitatibus rerum. Est numquam sed voluptas voluptates dolores est.', 159, 3, 21, '2023-09-12 10:34:15', '2023-09-12 10:34:15'),
(6, 'ad', 'Illo ut in id eveniet. Inventore neque dolor perferendis assumenda. Id culpa alias et esse rem dicta. Quia laudantium soluta et.', 153, 1, 15, '2023-09-12 10:34:15', '2023-09-12 10:34:15'),
(7, 'ut', 'Cumque iure vel expedita harum. Nihil ut eligendi non error et et. Eius officia dolores adipisci impedit rem ut.', 669, 2, 4, '2023-09-12 10:34:15', '2023-09-12 10:34:15'),
(8, 'sit', 'Nisi et qui numquam velit. Sint numquam veniam culpa autem aut occaecati laboriosam.', 343, 5, 3, '2023-09-12 10:34:15', '2023-09-12 10:34:15'),
(9, 'dolores', 'Nisi in ut nihil sit ut. Laudantium rerum sed architecto cupiditate consequatur. Voluptas occaecati laborum velit cum. Nesciunt aut hic numquam blanditiis architecto accusantium.', 980, 3, 8, '2023-09-12 10:34:15', '2023-09-12 10:34:15'),
(10, 'aspernatur', 'Sit in quae placeat voluptas voluptate. Accusamus voluptate id dolor. Autem incidunt aperiam nemo adipisci iste totam eius. Vel distinctio maxime quidem voluptatum nam.', 347, 7, 23, '2023-09-12 10:34:15', '2023-09-12 10:34:15'),
(11, 'voluptatem', 'Ipsum autem asperiores perferendis veniam voluptatem quia. Aut ex molestiae ex non asperiores tempore. Est illum ullam labore qui.', 553, 1, 30, '2023-09-12 10:34:15', '2023-09-12 10:34:15'),
(12, 'repellendus', 'Laboriosam consectetur ipsam doloremque quae. Voluptates error sed voluptatem dolores quo molestiae.', 437, 7, 24, '2023-09-12 10:34:16', '2023-09-12 10:34:16'),
(13, 'possimus', 'Molestiae officia voluptatem vel quod porro libero voluptatum. Error iusto pariatur sequi repellendus maxime qui adipisci. Error nemo non ex ipsam iusto quis rem.', 878, 9, 25, '2023-09-12 10:34:16', '2023-09-12 10:34:16'),
(14, 'aut', 'Quibusdam omnis dolor nisi numquam ut quis quis. In ut voluptatibus voluptatem ad at aut optio. Repellat deleniti minus dolorum et. Quisquam molestiae enim molestiae rerum magni eum sunt. Quod qui dignissimos illum aut quaerat.', 299, 9, 10, '2023-09-12 10:34:16', '2023-09-12 10:34:16'),
(15, 'enim', 'Atque sint saepe sed ut delectus reprehenderit. Quia sed et molestiae exercitationem. Itaque porro aliquid explicabo debitis dolorem itaque earum.', 381, 8, 20, '2023-09-12 10:34:16', '2023-09-12 10:34:16'),
(16, 'corporis', 'Natus officiis ullam nihil corrupti. Assumenda consectetur non facilis quos voluptatibus et odio. Voluptatem consequatur saepe consequuntur rerum totam.', 833, 7, 3, '2023-09-12 10:34:16', '2023-09-12 10:34:16'),
(17, 'nisi', 'Ea repudiandae sint consequatur dolores aspernatur possimus ut. Ipsam alias est dignissimos molestias expedita qui. Aut voluptas vitae tempore autem sapiente aut quod.', 434, 3, 30, '2023-09-12 10:34:16', '2023-09-12 10:34:16'),
(18, 'alias', 'Ut sint enim ut quod temporibus laboriosam. Vel neque sit est qui et perspiciatis. Dicta dolor voluptatem sequi ducimus aperiam voluptatem ut. Delectus tempora libero dolorem.', 521, 0, 20, '2023-09-12 10:34:16', '2023-09-12 10:34:16'),
(19, 'inventore', 'Assumenda ut error architecto aut. Soluta ipsa esse voluptatem cupiditate consequatur culpa.', 609, 4, 16, '2023-09-12 10:34:16', '2023-09-12 10:34:16'),
(20, 'laboriosam', 'Non numquam doloribus vero quis aut ut. Nobis quia voluptatibus et. Tenetur soluta enim ipsam expedita nobis. Atque ad et at et perspiciatis sed rerum enim.', 686, 6, 8, '2023-09-12 10:34:16', '2023-09-12 10:34:16'),
(21, 'quibusdam', 'Vero vitae deserunt delectus dignissimos. Ut ad laborum deleniti. Est voluptatem ea minus rem nisi repudiandae. Quam laudantium ratione voluptate illum optio earum aut quis.', 426, 8, 29, '2023-09-12 10:34:16', '2023-09-12 10:34:16'),
(22, 'quo', 'Et modi omnis sint temporibus. Ut voluptatem similique repellat dolorem et qui consequatur. Necessitatibus quis maiores totam eaque corrupti. Nihil quis nam quo illo.', 380, 1, 3, '2023-09-12 10:34:16', '2023-09-12 10:34:16'),
(23, 'repudiandae', 'Autem dicta laborum molestiae corrupti animi aspernatur. Aut temporibus quis voluptates exercitationem aut. Nisi iste mollitia alias quasi modi velit mollitia qui.', 252, 3, 9, '2023-09-12 10:34:16', '2023-09-12 10:34:16'),
(24, 'animi', 'Consequatur atque nihil necessitatibus et. Deserunt quidem nulla sunt laborum error laborum ad. Suscipit magnam et eaque facilis repellat aut. Vel et natus ipsum eveniet.', 587, 8, 4, '2023-09-12 10:34:16', '2023-09-12 10:34:16'),
(25, 'accusamus', 'Tenetur eaque suscipit iure. Modi ipsum sapiente consectetur ut quibusdam deleniti architecto.', 284, 1, 24, '2023-09-12 10:34:16', '2023-09-12 10:34:16'),
(26, 'aut', 'Quas animi aliquam illo sit quidem. Et et consequatur et soluta. Sed necessitatibus laboriosam odit rem sed qui tenetur ut.', 796, 6, 14, '2023-09-12 10:34:16', '2023-09-12 10:34:16'),
(27, 'ipsam', 'Voluptas molestias omnis id voluptas. Accusamus facilis ut aliquid vitae beatae perspiciatis. Voluptatum quibusdam alias fuga vel numquam incidunt.', 556, 7, 7, '2023-09-12 10:34:16', '2023-09-12 10:34:16'),
(28, 'sequi', 'Quo aspernatur voluptate quam. Sed ea fugiat autem voluptatibus accusantium ex corrupti qui. Fugit quas a et et in omnis porro. Cumque et nulla et illo voluptates vel dolorum.', 991, 4, 21, '2023-09-12 10:34:16', '2023-09-12 10:34:16'),
(29, 'est', 'Sed inventore ex quam rerum. At repellendus in accusantium. Voluptas mollitia alias molestias et eius dolorum.', 235, 4, 22, '2023-09-12 10:34:16', '2023-09-12 10:34:16'),
(30, 'rerum', 'Repudiandae maxime nihil suscipit incidunt. Rerum pariatur in ipsam aperiam et ipsum. Ipsam sed ad sint et rem.', 405, 9, 6, '2023-09-12 10:34:16', '2023-09-12 10:34:16'),
(31, 'aut', 'Sit quibusdam ut qui qui mollitia sequi. Ad recusandae molestiae qui voluptas libero. Possimus blanditiis sed et aut voluptatem fuga.', 753, 1, 23, '2023-09-12 10:34:16', '2023-09-12 10:34:16'),
(32, 'ut', 'Quas saepe et harum incidunt nobis eum ratione ullam. Est consectetur accusamus repellat. Maiores cum sit nobis.', 436, 9, 14, '2023-09-12 10:34:16', '2023-09-12 10:34:16'),
(33, 'sit', 'Vel consectetur aliquam velit a cum aut qui. Quas culpa debitis magnam praesentium.', 743, 5, 28, '2023-09-12 10:34:16', '2023-09-12 10:34:16'),
(34, 'eum', 'Voluptatum aut sed qui ex asperiores in. In accusantium esse sint dicta ut aut. Quia tenetur autem repellat dolorem qui vero nobis.', 772, 9, 21, '2023-09-12 10:34:16', '2023-09-12 10:34:16'),
(35, 'animi', 'Inventore hic qui rem quo harum vero. Sint voluptatem reiciendis aut. Minima dolorem fuga error maiores asperiores non odio. Aut dolore distinctio repellat aliquid excepturi corporis. Illum tenetur ut sunt sit est exercitationem aut occaecati.', 530, 2, 26, '2023-09-12 10:34:17', '2023-09-12 10:34:17'),
(36, 'et', 'Quibusdam quia dolor vel eum est expedita exercitationem. Deserunt quis laudantium est aut totam doloribus autem esse. Pariatur eaque magnam omnis beatae harum eligendi.', 365, 7, 23, '2023-09-12 10:34:17', '2023-09-12 10:34:17'),
(37, 'sit', 'Provident corporis unde omnis et. Nemo voluptates amet ab voluptatem voluptates id. Et fugit ut excepturi et iure quo minus. Ut dicta quasi ea sit delectus. Ut alias accusantium et qui sunt.', 317, 4, 30, '2023-09-12 10:34:17', '2023-09-12 10:34:17'),
(38, 'tempora', 'Temporibus omnis dolorum ipsam aut id rerum molestias. Excepturi facere dignissimos suscipit voluptas nulla. Quas ipsa itaque quo aperiam.', 954, 4, 24, '2023-09-12 10:34:17', '2023-09-12 10:34:17'),
(39, 'eaque', 'Et modi magni ullam nisi aut molestiae ut. Dignissimos non magnam temporibus at. Voluptates quos suscipit sit.', 885, 5, 27, '2023-09-12 10:34:17', '2023-09-12 10:34:17'),
(40, 'enim', 'Voluptatem earum nulla similique quo culpa ut. Quisquam dolorum error pariatur. Placeat ducimus corporis sed voluptatem. Quam optio non deleniti ut nesciunt.', 612, 0, 25, '2023-09-12 10:34:17', '2023-09-12 10:34:17'),
(41, 'iste', 'Aperiam laboriosam et reprehenderit ipsum porro perspiciatis vel laboriosam. Aspernatur sint aut eum consequatur voluptatum. Enim est et nihil numquam accusamus nulla nostrum.', 885, 2, 18, '2023-09-12 10:34:17', '2023-09-12 10:34:17'),
(42, 'quasi', 'Dolores eligendi culpa sit perferendis omnis cupiditate cumque est. Temporibus atque quo deserunt nulla inventore voluptatem assumenda. Laudantium est adipisci blanditiis dolor rem nostrum est.', 477, 2, 19, '2023-09-12 10:34:17', '2023-09-12 10:34:17'),
(43, 'sint', 'Illo tempora placeat et impedit aperiam ea deserunt veritatis. Voluptatibus quam excepturi qui alias.', 959, 9, 15, '2023-09-12 10:34:17', '2023-09-12 10:34:17'),
(44, 'dolores', 'Dolorem sint cumque fugiat consequatur. Maxime ut ut qui pariatur quam beatae saepe est. Voluptatem aut animi amet.', 214, 5, 18, '2023-09-12 10:34:17', '2023-09-12 10:34:17'),
(45, 'sed', 'Reprehenderit quo et nisi voluptatum ratione ut. Dolore ut nisi at voluptates ut dolorem optio. Dolorem dolores dolor expedita consequuntur omnis. Est corrupti consequatur et assumenda id autem earum.', 194, 2, 7, '2023-09-12 10:34:17', '2023-09-12 10:34:17'),
(46, 'et', 'Non aliquam alias necessitatibus quo suscipit. Quis autem est nostrum consequatur soluta. Aut et magnam aut dolore vero mollitia autem.', 993, 8, 15, '2023-09-12 10:34:17', '2023-09-12 10:34:17'),
(47, 'molestiae', 'Delectus qui nihil et et error dolor. Accusamus iusto provident deserunt qui consequuntur quo. Sint voluptate ut voluptate quisquam unde assumenda quaerat delectus. Porro in perferendis eaque culpa ipsa.', 611, 8, 25, '2023-09-12 10:34:17', '2023-09-12 10:34:17'),
(48, 'quis', 'Dolorem aliquam amet cupiditate autem non in provident. Aspernatur aut sit distinctio et asperiores id. Molestias tenetur qui culpa ipsa.', 931, 4, 8, '2023-09-12 10:34:17', '2023-09-12 10:34:17'),
(49, 'tempora', 'Iusto eum voluptatem saepe vel doloremque nam debitis. Quas temporibus quis non accusantium. Dolore sint enim et pariatur. Repudiandae facere sit non omnis dolorem dicta inventore.', 587, 3, 18, '2023-09-12 10:34:17', '2023-09-12 10:34:17'),
(50, 'nemo', 'Nihil dignissimos quas ipsam perferendis. Beatae ut in illum omnis. Aperiam harum est quam maxime quidem omnis qui. Aliquam ad quisquam voluptate sapiente ea voluptas.', 344, 5, 21, '2023-09-12 10:34:17', '2023-09-12 10:34:17'),
(51, 'nulla', 'Rerum est perferendis est doloremque et. Quia dignissimos fugiat quidem est facilis atque quo. Amet beatae officiis tempore voluptas eveniet consequatur dolor. Corrupti placeat consequatur tempora et.', 433, 1, 10, '2023-09-12 10:36:14', '2023-09-12 10:36:14'),
(52, 'quos', 'Eum molestias est explicabo officia. Praesentium quos quasi qui beatae consequatur. Et id officiis suscipit dolore et. Dolorum sint earum deleniti voluptas quis.', 685, 4, 27, '2023-09-12 10:36:14', '2023-09-12 10:36:14'),
(53, 'aut', 'Velit quam eligendi et repellat aut corporis et adipisci. Dolorem in maxime deserunt ex aut itaque deserunt est. Delectus et ut voluptatem odio deserunt enim.', 567, 1, 27, '2023-09-12 10:36:14', '2023-09-12 10:36:14'),
(54, 'consequatur', 'Sint placeat itaque voluptatem corrupti. Provident beatae maiores illum tempore non. Totam dicta voluptates laboriosam adipisci qui dicta in. Quibusdam sint similique rerum expedita nostrum.', 892, 5, 14, '2023-09-12 10:36:14', '2023-09-12 10:36:14'),
(55, 'mollitia', 'Sint quos ab excepturi laborum sunt voluptatem. Mollitia eum dicta amet rem ut molestias veritatis. Amet quaerat molestiae ratione vero et dicta culpa.', 127, 8, 5, '2023-09-12 10:36:14', '2023-09-12 10:36:14'),
(56, 'sed', 'Sit dolor ab eius et error. Beatae beatae ipsum officiis necessitatibus. Beatae voluptatem excepturi voluptates aliquid minima. Mollitia ut ipsa non.', 880, 3, 13, '2023-09-12 10:36:14', '2023-09-12 10:36:14'),
(57, 'laudantium', 'Nam voluptatem excepturi sunt eligendi ea. Aut aut autem accusantium et excepturi. Nesciunt suscipit totam repudiandae ipsum ea magni quis.', 443, 7, 4, '2023-09-12 10:36:14', '2023-09-12 10:36:14'),
(58, 'voluptas', 'Harum corporis quis cupiditate porro et. Sequi rem est delectus consequatur praesentium possimus. Aut praesentium magnam quibusdam eos. Et libero assumenda recusandae et.', 287, 6, 5, '2023-09-12 10:36:15', '2023-09-12 10:36:15'),
(59, 'atque', 'Provident nam rerum libero. Harum natus consequatur quis et aspernatur ut incidunt. Omnis animi vitae tenetur id. Perspiciatis saepe inventore qui saepe id officia nulla ab.', 406, 4, 11, '2023-09-12 10:36:15', '2023-09-12 10:36:15'),
(60, 'ut', 'Alias neque sint eos corporis. Neque ut totam qui blanditiis. Ipsa quae blanditiis enim. Ullam doloremque accusantium quis rerum ea.', 870, 9, 11, '2023-09-12 10:36:15', '2023-09-12 10:36:15'),
(61, 'aut', 'Rerum excepturi ipsa voluptatibus nesciunt odit est non. Delectus commodi sit qui quae doloribus aperiam cum. Ut minima quaerat officia ea unde laboriosam rerum modi.', 113, 1, 13, '2023-09-12 10:36:15', '2023-09-12 10:36:15'),
(62, 'voluptas', 'Nihil fuga et omnis quia. Eos eum sed harum doloremque accusamus veniam ut eum. Nihil perspiciatis quibusdam quo est laboriosam id possimus. Doloribus deserunt sed iusto dolorem est. Accusantium quo atque laboriosam quasi beatae ea.', 150, 9, 5, '2023-09-12 10:36:15', '2023-09-12 10:36:15'),
(63, 'deleniti', 'Omnis a aut laudantium consequatur blanditiis sapiente nisi. Ut qui non reprehenderit fugit beatae quia eveniet. In veniam dolor non molestiae dolor est.', 699, 2, 27, '2023-09-12 10:36:15', '2023-09-12 10:36:15'),
(64, 'placeat', 'Itaque omnis consequuntur quod. Error explicabo et in et neque quaerat. Minus itaque quasi odit qui consequatur.', 578, 8, 30, '2023-09-12 10:36:15', '2023-09-12 10:36:15'),
(65, 'qui', 'Natus laboriosam temporibus tenetur vel. Sit dolore ipsum fuga repellendus ducimus sit. Saepe dolore magni omnis non dolore.', 847, 8, 22, '2023-09-12 10:36:15', '2023-09-12 10:36:15'),
(66, 'explicabo', 'Eos est nihil explicabo vero. Ut debitis dolor tenetur. Magni molestiae dolores deserunt qui.', 271, 2, 4, '2023-09-12 10:36:15', '2023-09-12 10:36:15'),
(67, 'rerum', 'Occaecati laudantium eligendi explicabo non voluptatibus. Animi culpa sint aspernatur temporibus omnis fugiat unde enim. Quia magnam qui dolorum quas in accusantium omnis. Autem eligendi dolorem dicta necessitatibus.', 172, 1, 15, '2023-09-12 10:36:15', '2023-09-12 10:36:15'),
(68, 'ad', 'Qui adipisci qui aut hic occaecati veniam suscipit ex. Et iure doloribus ex similique quidem est. Officiis et delectus aut laboriosam nesciunt neque itaque.', 293, 6, 12, '2023-09-12 10:36:15', '2023-09-12 10:36:15'),
(69, 'eos', 'In eum et aut aperiam facilis qui. Illo voluptate provident non sunt odit aspernatur quia. Dolorem eos praesentium impedit vel aperiam modi iste.', 872, 4, 22, '2023-09-12 10:36:15', '2023-09-12 10:36:15'),
(70, 'alias', 'Vel ea velit eos tenetur accusantium. Et rerum consequatur in nisi sit. Temporibus ducimus voluptate iste quidem facilis omnis aut deleniti. Placeat ut earum qui velit sed ullam omnis.', 753, 4, 24, '2023-09-12 10:36:15', '2023-09-12 10:36:15'),
(71, 'excepturi', 'Earum tempora fugiat reiciendis. Et praesentium aperiam vel. Saepe doloremque voluptatum iure itaque similique.', 803, 4, 28, '2023-09-12 10:36:15', '2023-09-12 10:36:15'),
(72, 'laborum', 'Id et accusantium aperiam odio. Totam illo voluptates quo non. Illo ea et qui alias.', 990, 7, 7, '2023-09-12 10:36:15', '2023-09-12 10:36:15'),
(73, 'minima', 'Vero rerum odit iusto sit rem. At molestiae aut recusandae veniam. Mollitia quia nihil qui porro quia. Saepe amet corrupti ut similique laborum. Natus eligendi iste enim et officiis impedit qui.', 611, 6, 27, '2023-09-12 10:36:15', '2023-09-12 10:36:15'),
(74, 'necessitatibus', 'Perspiciatis animi soluta in molestiae aperiam esse in. Nobis commodi laborum facere error est sapiente porro. Dignissimos dolor ut sed magni.', 207, 0, 16, '2023-09-12 10:36:15', '2023-09-12 10:36:15'),
(75, 'id', 'Fuga dolores fugiat numquam dignissimos. Dolor asperiores odio saepe. Explicabo sequi nemo quas eos labore rem. Qui porro consequatur suscipit repudiandae praesentium dolore voluptas rerum.', 235, 5, 5, '2023-09-12 10:36:15', '2023-09-12 10:36:15'),
(76, 'quia', 'Maxime aut qui omnis. Laborum officiis officiis sit ullam. Praesentium et ipsam dignissimos accusamus. Sed sunt deserunt mollitia ipsa quaerat distinctio.', 275, 6, 19, '2023-09-12 10:36:16', '2023-09-12 10:36:16'),
(77, 'quos', 'Delectus est asperiores qui quam. Est quo et mollitia aut aut porro. Fugit impedit dolor dignissimos sed ducimus ipsam enim.', 505, 4, 26, '2023-09-12 10:36:16', '2023-09-12 10:36:16'),
(78, 'temporibus', 'Aliquam sunt neque voluptatum quidem consequatur sit iste maxime. Corrupti accusamus et nemo adipisci. Dignissimos maxime in facilis aut vel earum quia. Recusandae possimus in voluptatem.', 291, 1, 9, '2023-09-12 10:36:16', '2023-09-12 10:36:16'),
(79, 'corrupti', 'Veritatis laborum laudantium natus doloribus esse corrupti. Quo tenetur voluptas voluptates odio. Est tempore perspiciatis dolores quo. Molestiae voluptatibus natus temporibus omnis sequi amet cum.', 710, 7, 17, '2023-09-12 10:36:16', '2023-09-12 10:36:16'),
(80, 'commodi', 'Illum rerum et sed vel itaque ut voluptatem quibusdam. Ipsam accusantium laboriosam consequatur est est dignissimos odit ipsam. Quam saepe quo odit quia consectetur possimus nam. Facere inventore excepturi culpa suscipit voluptas est consectetur eum.', 723, 0, 20, '2023-09-12 10:36:16', '2023-09-12 10:36:16'),
(81, 'veritatis', 'Aut et voluptatem aliquid aut quidem. Ratione vitae asperiores voluptatem illo quasi. Provident ut necessitatibus deleniti minima accusamus molestias dolorem. Ut in et sint laborum. Possimus est at architecto nostrum quis quia nisi.', 552, 4, 10, '2023-09-12 10:36:16', '2023-09-12 10:36:16'),
(82, 'enim', 'Quia iure illum nemo consequatur laborum ut. Assumenda nostrum tempore necessitatibus. Reiciendis excepturi non et et in at laudantium amet. Voluptatem quaerat beatae ratione exercitationem facere totam iure. Fugit numquam quo pariatur corporis.', 591, 3, 23, '2023-09-12 10:36:16', '2023-09-12 10:36:16'),
(83, 'sunt', 'Quia distinctio voluptates veritatis dolores accusantium sequi voluptas. Quae maiores quia quis harum maxime vero dolorum. Consequuntur voluptas itaque modi cumque porro sunt sint iusto. Neque voluptatem eius eaque magnam qui iure vel.', 200, 0, 28, '2023-09-12 10:36:16', '2023-09-12 10:36:16'),
(84, 'labore', 'Reprehenderit eos accusantium aut ut quos. Nihil laborum eos autem et sint amet perferendis officiis. Ea autem assumenda qui molestiae.', 414, 2, 23, '2023-09-12 10:36:16', '2023-09-12 10:36:16'),
(85, 'quia', 'Dolores harum ipsum dolor cumque repellendus. Explicabo et voluptatum qui amet dolorem iste. Qui distinctio aperiam aut velit at rerum nemo. Ut rerum est sint maiores molestiae maiores. Consequatur non accusamus aut.', 965, 8, 4, '2023-09-12 10:36:16', '2023-09-12 10:36:16'),
(86, 'adipisci', 'Voluptatem voluptatem quo dolore et deserunt. Corporis architecto quo dolorum minus voluptas libero qui ut. Adipisci quas ea omnis quis vero. Nesciunt ut id molestiae.', 470, 1, 20, '2023-09-12 10:36:16', '2023-09-12 10:36:16'),
(87, 'ullam', 'Quo ad consequatur officiis aperiam. Consequatur animi a enim fugit. Quae recusandae inventore repellendus voluptatem porro. Natus et et animi omnis quia omnis dolores.', 815, 6, 12, '2023-09-12 10:36:16', '2023-09-12 10:36:16'),
(88, 'rerum', 'Totam dolorem praesentium enim voluptatem culpa cum explicabo. Aut et est autem omnis. Aut amet excepturi et.', 386, 4, 18, '2023-09-12 10:36:16', '2023-09-12 10:36:16'),
(89, 'quibusdam', 'Rerum officiis praesentium dolorum et excepturi occaecati. Nobis praesentium sed quam debitis laudantium at. Saepe ut repudiandae quis ab. Vero nostrum praesentium et hic corporis.', 642, 3, 4, '2023-09-12 10:36:16', '2023-09-12 10:36:16'),
(90, 'distinctio', 'Alias modi praesentium et unde repellat. Et quia fuga voluptas sunt. Magnam quia dolorum non amet rerum maiores.', 709, 0, 12, '2023-09-12 10:36:16', '2023-09-12 10:36:16'),
(91, 'labore', 'Aut id ab hic natus ad distinctio dicta. Qui et laborum explicabo ducimus. Distinctio officiis ut est.', 499, 6, 9, '2023-09-12 10:36:16', '2023-09-12 10:36:16'),
(92, 'voluptas', 'Harum labore incidunt nobis et eligendi. Eaque ipsum repellendus distinctio ab facere quisquam est. Neque autem voluptatem in dolorem. Dolores debitis nobis amet aut nihil voluptas voluptatibus.', 886, 5, 9, '2023-09-12 10:36:16', '2023-09-12 10:36:16'),
(93, 'quas', 'Vel labore incidunt ipsum quis. Assumenda illum adipisci sunt perspiciatis. Eaque ut ea laudantium necessitatibus.', 615, 3, 17, '2023-09-12 10:36:16', '2023-09-12 10:36:16'),
(94, 'exercitationem', 'Ipsa necessitatibus consequatur occaecati quia autem. Est voluptas labore molestias facilis. Atque aut placeat atque harum voluptatem accusamus. Qui voluptas et repudiandae culpa explicabo porro placeat. Ex excepturi expedita provident saepe ut.', 677, 3, 2, '2023-09-12 10:36:16', '2023-09-12 10:36:16'),
(95, 'voluptatem', 'Alias hic omnis qui nisi maiores aperiam sunt fugiat. Sapiente deleniti qui ex velit dolores ea et. Libero natus iure quia perferendis ut voluptate. Vitae voluptatem incidunt unde eos eos autem.', 914, 3, 11, '2023-09-12 10:36:16', '2023-09-12 10:36:16'),
(96, 'quidem', 'Corporis ut dolore aliquid ab magnam qui odit. Facilis exercitationem aspernatur assumenda nobis id eveniet dolorem. Rem recusandae veniam est omnis.', 959, 5, 26, '2023-09-12 10:36:16', '2023-09-12 10:36:16'),
(97, 'alias', 'Aut mollitia rerum optio voluptatem. Est qui ratione laborum iure voluptatem est laborum. Dolore quis magnam et vel aspernatur sapiente.', 983, 9, 13, '2023-09-12 10:36:16', '2023-09-12 10:36:16'),
(98, 'est', 'Distinctio impedit ea possimus magnam temporibus iusto. Dolor est qui corporis in. Necessitatibus natus expedita officiis facere voluptate. Totam omnis rerum corrupti natus.', 526, 4, 4, '2023-09-12 10:36:16', '2023-09-12 10:36:16'),
(99, 'dicta', 'Corrupti quos et deserunt rem rem iusto. Omnis distinctio magnam doloremque rem eius ad. Sed suscipit reiciendis magni tempora.', 772, 8, 4, '2023-09-12 10:36:16', '2023-09-12 10:36:16'),
(100, 'corrupti', 'Ut minus placeat est inventore. Est perspiciatis et quam omnis. Velit et quibusdam quidem ipsum iure debitis nobis nihil.', 582, 5, 16, '2023-09-12 10:36:16', '2023-09-12 10:36:16'),
(101, 'eum', 'Placeat accusamus dolor asperiores numquam ipsum. Nisi adipisci nesciunt sequi laudantium ea error et. Quae itaque ipsa ullam voluptatem consequuntur doloremque earum. Eius voluptate corporis perferendis omnis.', 412, 0, 26, '2023-09-12 10:36:37', '2023-09-12 10:36:37'),
(102, 'beatae', 'Molestias praesentium eos temporibus et officiis. Est accusamus sunt laborum consectetur aut. Consequatur omnis est atque quod.', 110, 4, 14, '2023-09-12 10:36:37', '2023-09-12 10:36:37'),
(103, 'deleniti', 'Ut optio illum aut aut qui laudantium voluptas. Non ut non blanditiis consequatur. Ut aut sequi quam. Eveniet iste quos est reprehenderit.', 800, 3, 19, '2023-09-12 10:36:37', '2023-09-12 10:36:37'),
(104, 'ipsa', 'Nihil blanditiis nemo ut. Qui est magnam sit natus odit non nam. Eos praesentium ullam dolores aspernatur.', 478, 2, 22, '2023-09-12 10:36:37', '2023-09-12 10:36:37'),
(105, 'voluptas', 'Modi pariatur est dignissimos placeat enim beatae voluptas. Ab consectetur aut aut et.', 296, 7, 19, '2023-09-12 10:36:37', '2023-09-12 10:36:37'),
(106, 'itaque', 'Impedit aliquid aspernatur aut et et. Cum ab sapiente ut beatae natus est aut impedit. Dignissimos animi quia incidunt sint dolores voluptatibus. Omnis rem distinctio labore distinctio eaque dolorum veniam.', 109, 4, 22, '2023-09-12 10:36:37', '2023-09-12 10:36:37'),
(107, 'corrupti', 'Aliquam excepturi fuga maiores nostrum unde laudantium. Officiis id aut porro numquam. Aut doloribus qui incidunt et ratione debitis quisquam. Minima minima itaque maxime eius explicabo id eum dolores.', 791, 5, 4, '2023-09-12 10:36:37', '2023-09-12 10:36:37'),
(108, 'rerum', 'Odit voluptatem iusto fuga necessitatibus laudantium itaque in. Non et est odio sit. Commodi quo et sunt totam dignissimos provident.', 582, 8, 18, '2023-09-12 10:36:37', '2023-09-12 10:36:37'),
(109, 'ea', 'Et est voluptatem et praesentium mollitia ut ad. Consequatur commodi doloribus quam quia ea aliquam. Ratione aut corrupti quo harum. Optio reiciendis fugiat odit et explicabo. Quasi soluta voluptatibus aut corrupti aut esse.', 377, 6, 7, '2023-09-12 10:36:37', '2023-09-12 10:36:37'),
(110, 'ipsum', 'Explicabo occaecati eos laborum architecto architecto minus. Molestiae alias consequatur repellendus quam. Eius dolor omnis inventore necessitatibus. Totam qui sit voluptatem fuga.', 638, 9, 18, '2023-09-12 10:36:38', '2023-09-12 10:36:38'),
(111, 'iusto', 'Deserunt enim corrupti modi atque similique adipisci debitis. Omnis rerum voluptatem excepturi officiis ad nam eius at. Occaecati eum neque rerum doloremque. Doloribus ea unde eaque illum exercitationem ipsam. Quas distinctio mollitia maxime soluta voluptatem.', 993, 2, 29, '2023-09-12 10:36:38', '2023-09-12 10:36:38'),
(112, 'aut', 'Ullam vel aut est quia molestias sit eum quo. Sapiente aut qui beatae culpa omnis error aut. Et consectetur vero odio qui fuga deleniti. Expedita molestiae esse dignissimos nisi.', 669, 1, 6, '2023-09-12 10:36:38', '2023-09-12 10:36:38'),
(113, 'iusto', 'Aut unde aut quas illum eligendi nam enim. Omnis omnis dolorem ipsam veritatis recusandae dolorem.', 158, 8, 6, '2023-09-12 10:36:38', '2023-09-12 10:36:38'),
(114, 'harum', 'Sunt pariatur ipsam possimus aut. Est ipsam ea voluptatum ea sed. Voluptatem natus eius omnis vel magni qui laudantium.', 131, 6, 10, '2023-09-12 10:36:38', '2023-09-12 10:36:38'),
(115, 'soluta', 'Dolores aliquid qui et ea labore ad. Consectetur adipisci quaerat corporis voluptas repudiandae occaecati. Labore dolorem in quasi quia ipsa.', 217, 4, 11, '2023-09-12 10:36:38', '2023-09-12 10:36:38'),
(116, 'labore', 'Quo laboriosam sint sapiente aut fugit aut corrupti velit. Repudiandae et dicta quis enim mollitia. Officiis quia dolorem placeat sed.', 845, 5, 9, '2023-09-12 10:36:38', '2023-09-12 10:36:38'),
(117, 'laborum', 'Officiis rerum est ad quaerat provident natus porro. Qui tempore quis quaerat aliquid quo enim deserunt. Ut sed non voluptate vel amet voluptatem voluptas.', 272, 3, 15, '2023-09-12 10:36:38', '2023-09-12 10:36:38'),
(118, 'aut', 'Quidem omnis accusamus eum aspernatur natus autem blanditiis. Dignissimos vero veniam vel voluptatem harum velit. Voluptate officiis sit ex rerum rerum autem ut.', 635, 8, 22, '2023-09-12 10:36:38', '2023-09-12 10:36:38'),
(119, 'veniam', 'Omnis quia quasi optio itaque velit non corporis. Iste id et ut provident atque qui est.', 670, 7, 16, '2023-09-12 10:36:38', '2023-09-12 10:36:38'),
(120, 'ad', 'Ducimus officiis harum et. Mollitia autem ea facere assumenda esse dolore ducimus. Id sequi dolor assumenda quam et ratione laudantium.', 467, 2, 14, '2023-09-12 10:36:38', '2023-09-12 10:36:38'),
(121, 'nesciunt', 'Aspernatur officiis amet quis cumque laboriosam temporibus et quos. Laudantium ipsum corrupti id pariatur. Nisi et eveniet quo atque doloribus nihil. Modi id magnam commodi tempore excepturi earum nobis.', 893, 4, 28, '2023-09-12 10:36:38', '2023-09-12 10:36:38'),
(122, 'omnis', 'Quia odio rerum blanditiis aliquid quos sit ullam. Dolor numquam veniam officia ratione. Voluptatem placeat modi facere tenetur deleniti rerum accusantium delectus.', 978, 4, 18, '2023-09-12 10:36:38', '2023-09-12 10:36:38'),
(123, 'suscipit', 'Itaque id sint ea ex totam dignissimos. Nihil optio ipsam et qui. Optio voluptatem reiciendis consequatur quia quae.', 716, 3, 6, '2023-09-12 10:36:39', '2023-09-12 10:36:39'),
(124, 'non', 'Nesciunt quia veritatis quisquam maiores. Ut error aperiam ea. Delectus qui vero corrupti laboriosam odio ut adipisci.', 266, 6, 12, '2023-09-12 10:36:39', '2023-09-12 10:36:39'),
(125, 'fuga', 'Accusantium culpa impedit sint nihil ipsum quo. Qui officia voluptatem rem quia.', 610, 8, 23, '2023-09-12 10:36:39', '2023-09-12 10:36:39'),
(126, 'ab', 'Temporibus quisquam non omnis facilis at saepe fuga quo. Vitae suscipit ducimus tenetur quisquam.', 916, 7, 25, '2023-09-12 10:36:39', '2023-09-12 10:36:39'),
(127, 'facere', 'Quidem laboriosam exercitationem et illum. Rerum quam rerum vitae. Recusandae quia at harum non blanditiis.', 761, 1, 27, '2023-09-12 10:36:39', '2023-09-12 10:36:39'),
(128, 'reiciendis', 'Quia adipisci aperiam saepe nostrum modi tenetur possimus fuga. Et non debitis reprehenderit ut distinctio sapiente illo. Cumque vero nihil itaque expedita ducimus iste non.', 746, 4, 14, '2023-09-12 10:36:39', '2023-09-12 10:36:39'),
(129, 'velit', 'Fuga et iusto quia dolore officiis rem. Veritatis ad maxime impedit mollitia. Ratione autem et eveniet qui in.', 518, 5, 9, '2023-09-12 10:36:39', '2023-09-12 10:36:39'),
(130, 'perspiciatis', 'Ullam provident iure ducimus dicta eos porro. Et maiores eveniet id perspiciatis. Quo voluptas asperiores in itaque. Aut aut eaque sit odit dicta ut.', 920, 3, 19, '2023-09-12 10:36:39', '2023-09-12 10:36:39'),
(131, 'sunt', 'Tempore reiciendis nihil libero consequuntur. Consequuntur nobis fuga qui voluptatem molestiae. Ipsum est consequatur quia. Veritatis quasi voluptatem ullam voluptas.', 990, 9, 10, '2023-09-12 10:36:39', '2023-09-12 10:36:39'),
(132, 'impedit', 'Eum aut voluptatibus qui id sed. Vero ut accusamus alias quaerat. Qui corrupti culpa ea nemo quam odit labore.', 391, 6, 4, '2023-09-12 10:36:39', '2023-09-12 10:36:39'),
(133, 'aperiam', 'Iusto enim voluptatem optio dolores aut sit. Alias facilis labore rerum magnam. Maiores est enim inventore.', 454, 3, 28, '2023-09-12 10:36:39', '2023-09-12 10:36:39'),
(134, 'tenetur', 'Quia unde laudantium et aperiam aperiam. Aut rem doloribus accusamus aperiam ducimus ratione. Possimus tempora ratione necessitatibus recusandae facere. Inventore et corrupti quo error.', 895, 7, 24, '2023-09-12 10:36:39', '2023-09-12 10:36:39'),
(135, 'ipsa', 'Ea voluptatum dolor laborum autem. In a sunt dolor voluptatem quae quia voluptatem.', 238, 6, 15, '2023-09-12 10:36:39', '2023-09-12 10:36:39'),
(136, 'hic', 'Est neque aliquid facilis ullam omnis. Non quia recusandae est rerum rerum et fugit. Architecto rerum iusto quia consequatur placeat. Mollitia laborum sint sint minima dolore.', 250, 2, 7, '2023-09-12 10:36:39', '2023-09-12 10:36:39'),
(137, 'modi', 'Fuga voluptas consectetur atque exercitationem voluptatibus enim. Aut iure error laboriosam ipsum eum. Fugiat quis repellendus qui suscipit. Consequatur vero est vel consequatur quia.', 994, 5, 16, '2023-09-12 10:36:39', '2023-09-12 10:36:39'),
(138, 'alias', 'Voluptatum quo libero assumenda exercitationem ullam voluptatem necessitatibus. Molestiae placeat distinctio excepturi doloribus ut saepe. Doloribus nihil nulla nobis aspernatur consectetur ut. Magni explicabo harum sit optio animi rerum.', 659, 7, 2, '2023-09-12 10:36:39', '2023-09-12 10:36:39'),
(139, 'impedit', 'Vero excepturi aperiam eos esse. Ipsam adipisci ipsam qui cupiditate maxime beatae exercitationem. Ad dolor nesciunt nam ut molestias non. Quis et architecto consequatur et dolorem et sunt.', 763, 7, 3, '2023-09-12 10:36:39', '2023-09-12 10:36:39'),
(140, 'expedita', 'Aut est deleniti sed ratione ratione tempore libero. Ut est id culpa voluptatum. Occaecati necessitatibus facilis harum necessitatibus rem dolorum. Aliquam fuga ab qui. Enim qui quo provident cumque pariatur vel incidunt sit.', 760, 6, 23, '2023-09-12 10:36:39', '2023-09-12 10:36:39'),
(141, 'iure', 'Ipsa amet repellendus culpa. Eligendi fugit at quia consequatur. Ea voluptatem itaque voluptas. Et vel nemo quis dolores unde.', 551, 3, 6, '2023-09-12 10:36:39', '2023-09-12 10:36:39'),
(142, 'ea', 'Eos deserunt qui accusamus accusamus id eius. Quia eos iure recusandae quod facere doloribus rem. Enim placeat optio dolor ut voluptas. Assumenda placeat harum architecto animi tempora. Aut consectetur aperiam suscipit id cupiditate.', 235, 7, 29, '2023-09-12 10:36:39', '2023-09-12 10:36:39'),
(143, 'sit', 'Et sed nobis aut. Distinctio odit qui dolor occaecati. Cumque numquam tempore in quisquam laboriosam quia. Quia quaerat amet sint velit architecto suscipit.', 872, 2, 24, '2023-09-12 10:36:39', '2023-09-12 10:36:39'),
(144, 'dignissimos', 'Sint sequi vitae eum dicta dolorum. Natus corrupti in voluptates quod alias non iure eum. Optio doloribus facilis modi maxime maiores beatae. Repudiandae deleniti accusamus eum at veritatis praesentium.', 104, 5, 22, '2023-09-12 10:36:39', '2023-09-12 10:36:39'),
(145, 'molestiae', 'Ut a rerum voluptatem eaque a quos. Quae sit minima voluptatem expedita culpa. Magni assumenda pariatur recusandae nobis ducimus.', 272, 0, 3, '2023-09-12 10:36:39', '2023-09-12 10:36:39'),
(146, 'atque', 'Ab soluta laboriosam sapiente dolore enim quibusdam eius exercitationem. Accusantium doloremque veniam accusantium consequatur rerum. Autem labore aut dolorem quia. Voluptatem est deleniti eum repudiandae est est sed. Tempore reiciendis vero repellat adipisci.', 278, 3, 26, '2023-09-12 10:36:39', '2023-09-12 10:36:39'),
(147, 'magni', 'Eos ut magnam consectetur quod aut. Omnis provident enim aperiam. Doloribus magnam soluta beatae.', 885, 8, 10, '2023-09-12 10:36:40', '2023-09-12 10:36:40'),
(148, 'velit', 'Eaque repudiandae qui sunt sed quidem dolorem eligendi. Rerum doloribus nam minima aspernatur aut aperiam facere. Saepe magni soluta aut ratione molestiae incidunt.', 907, 4, 14, '2023-09-12 10:36:40', '2023-09-12 10:36:40'),
(149, 'debitis', 'Minus repellendus autem distinctio minima ab et aperiam. Delectus magnam quos animi non qui. Est sed et qui.', 877, 6, 15, '2023-09-12 10:36:40', '2023-09-12 10:36:40'),
(150, 'sint', 'Quia aliquam libero ut occaecati expedita id. Saepe veniam et repudiandae totam magni recusandae. Sunt ipsa sit hic fugit.', 867, 2, 13, '2023-09-12 10:36:40', '2023-09-12 10:36:40');

-- --------------------------------------------------------

--
-- Table structure for table `reviews`
--

DROP TABLE IF EXISTS `reviews`;
CREATE TABLE IF NOT EXISTS `reviews` (
  `id` int UNSIGNED NOT NULL AUTO_INCREMENT,
  `product_id` int UNSIGNED NOT NULL,
  `customer` varchar(255) COLLATE utf8mb4_unicode_ci NOT NULL,
  `review` text COLLATE utf8mb4_unicode_ci NOT NULL,
  `star` int NOT NULL,
  `created_at` timestamp NULL DEFAULT NULL,
  `updated_at` timestamp NULL DEFAULT NULL,
  PRIMARY KEY (`id`),
  KEY `reviews_product_id_index` (`product_id`)
) ENGINE=InnoDB AUTO_INCREMENT=301 DEFAULT CHARSET=utf8mb4 COLLATE=utf8mb4_unicode_ci;

--
-- Dumping data for table `reviews`
--

INSERT INTO `reviews` (`id`, `product_id`, `customer`, `review`, `star`, `created_at`, `updated_at`) VALUES
(1, 97, 'Frida Kemmer', 'Dignissimos consectetur eum quia dolor veritatis voluptatem veniam. Unde alias nostrum provident ex ad. Eos maiores ut occaecati tenetur.', 1, '2023-09-12 10:36:43', '2023-09-12 10:36:43'),
(2, 121, 'Sheila Hessel', 'Fuga hic occaecati ea magnam alias autem et. Veniam natus suscipit et ullam qui veniam numquam. Laboriosam assumenda voluptas voluptatem sit laudantium architecto harum. Aut occaecati molestiae est quaerat doloribus porro.', 2, '2023-09-12 10:36:44', '2023-09-12 10:36:44'),
(3, 108, 'Rosalinda Wiza', 'Consequuntur harum sapiente nihil sint sit sapiente. Sit rerum qui reprehenderit et aliquam. Voluptas accusantium explicabo sequi.', 1, '2023-09-12 10:36:44', '2023-09-12 10:36:44'),
(4, 119, 'Amiya Daniel', 'Harum ipsa dolores perspiciatis recusandae corporis. Velit minima reprehenderit fugiat explicabo eos. Aliquam qui mollitia harum. Quidem voluptatem magni aspernatur quod qui.', 3, '2023-09-12 10:36:44', '2023-09-12 10:36:44'),
(5, 47, 'Krista Hayes', 'Non laborum eos minus sit. Ex repellendus consequatur qui ut. Eos beatae aliquam ea itaque et est soluta.', 5, '2023-09-12 10:36:44', '2023-09-12 10:36:44'),
(6, 43, 'Kristin Cronin DDS', 'Et voluptatem provident excepturi deleniti aliquid. Rerum sit voluptatibus sed eveniet perspiciatis iusto. Occaecati atque cupiditate aspernatur id tempore quo laborum.', 0, '2023-09-12 10:36:44', '2023-09-12 10:36:44'),
(7, 92, 'Rebekah Swift', 'Et assumenda exercitationem magni. Vel est qui incidunt sed. Molestiae accusantium natus qui consequatur. Sint voluptatum magnam asperiores magni.', 3, '2023-09-12 10:36:44', '2023-09-12 10:36:44'),
(8, 19, 'Helmer Kulas III', 'Velit assumenda at quisquam architecto quod eaque. Eveniet velit tenetur in at tenetur possimus aut. Qui nulla eaque at recusandae veniam cupiditate. Et officia distinctio autem voluptatem velit nam ipsam voluptatem.', 4, '2023-09-12 10:36:44', '2023-09-12 10:36:44'),
(9, 39, 'Prof. Aniyah Yundt V', 'Praesentium sed cumque praesentium. Qui tenetur commodi facere sunt aspernatur laudantium. Ipsam excepturi sunt nemo. Dignissimos aut quis ducimus sapiente earum doloremque autem. Aut molestiae eos beatae quia numquam inventore hic.', 5, '2023-09-12 10:36:44', '2023-09-12 10:36:44'),
(10, 78, 'Marcelle Gorczany', 'Debitis explicabo eveniet labore itaque fugiat. Optio aut aut non iste optio. Est provident qui blanditiis quod est.', 5, '2023-09-12 10:36:44', '2023-09-12 10:36:44'),
(11, 115, 'Prof. Hugh Anderson', 'Esse enim ad voluptatem consequatur. Fugiat odio molestias quaerat voluptatem laborum voluptatibus voluptatem. Ipsa quidem repudiandae ipsum error voluptatem dolor. Occaecati id odio blanditiis qui qui.', 0, '2023-09-12 10:36:44', '2023-09-12 10:36:44'),
(12, 17, 'Mrs. Margaretta Sporer', 'Perspiciatis repudiandae beatae aperiam facilis non rem nesciunt. Quia hic ut quia et. Optio et vel error sit. Officia cumque voluptate dolor repellat vitae et sed aut.', 5, '2023-09-12 10:36:44', '2023-09-12 10:36:44'),
(13, 79, 'Kaela Hyatt', 'Voluptatum saepe dolores iusto. Dicta delectus et totam non voluptatem. Ut enim at aut non odio.', 1, '2023-09-12 10:36:44', '2023-09-12 10:36:44'),
(14, 128, 'Lura O\'Hara', 'Eius pariatur maiores non. Aut et animi illo sint animi. Magnam quaerat at ut iste est reprehenderit recusandae. Eaque ut quisquam officia incidunt et labore molestiae. Itaque quam non maiores aut eos consequuntur praesentium.', 0, '2023-09-12 10:36:44', '2023-09-12 10:36:44'),
(15, 144, 'Dr. Brando Mitchell', 'Et eum temporibus unde necessitatibus est qui eligendi qui. Velit dolor nobis autem voluptatum rerum. In ut aut cumque numquam expedita deserunt. Voluptatem voluptatem odit quam voluptate mollitia ab hic.', 4, '2023-09-12 10:36:44', '2023-09-12 10:36:44'),
(16, 141, 'Prof. Princess Kunde', 'Necessitatibus a sapiente qui aspernatur velit sequi tenetur. Error corrupti harum dignissimos molestiae non odit perspiciatis. Quibusdam cupiditate harum vitae quibusdam asperiores accusantium.', 3, '2023-09-12 10:36:44', '2023-09-12 10:36:44'),
(17, 11, 'Silas Bailey', 'Inventore ut aliquam animi non est autem. Dolores in dolor qui ipsam impedit. Fugit quam et corrupti.', 3, '2023-09-12 10:36:44', '2023-09-12 10:36:44'),
(18, 149, 'Dejuan Cartwright', 'Rerum laborum odio dignissimos distinctio. Quas quo veritatis a fugiat ut. Id rerum molestiae placeat perspiciatis accusantium.', 3, '2023-09-12 10:36:44', '2023-09-12 10:36:44'),
(19, 54, 'Donna Von', 'Accusantium praesentium deleniti earum impedit sed quia voluptas. Veniam ipsam ea molestiae sit est pariatur. Non blanditiis dicta quo suscipit architecto amet eos. Et rerum nisi et id omnis commodi repudiandae eius.', 3, '2023-09-12 10:36:44', '2023-09-12 10:36:44'),
(20, 137, 'Alfreda Erdman', 'Corrupti provident et expedita modi. Ad nam suscipit ut dolorum quo modi deleniti voluptas. A velit optio dolorem. Et voluptatem excepturi dolor quidem corrupti atque aliquam.', 2, '2023-09-12 10:36:45', '2023-09-12 10:36:45'),
(21, 12, 'Saul Greenholt', 'Neque repellat quod eos voluptatem est sit impedit ad. Aut perferendis libero eos rerum saepe sint cupiditate. Autem nobis inventore sit unde aperiam adipisci. Corporis saepe rerum qui esse possimus corporis.', 1, '2023-09-12 10:36:45', '2023-09-12 10:36:45'),
(22, 22, 'Prof. Yesenia Beier IV', 'Est dolorum deleniti et veritatis perspiciatis. Tempora voluptatem veritatis voluptates laboriosam. Repudiandae officiis quia quia rem. Quis blanditiis ipsa vero ad.', 1, '2023-09-12 10:36:45', '2023-09-12 10:36:45'),
(23, 36, 'Dr. Kristin Kerluke IV', 'Omnis sequi quia voluptatem temporibus ut non. Ut est asperiores facilis nemo amet id. Adipisci neque dolorum qui maxime omnis inventore debitis.', 3, '2023-09-12 10:36:45', '2023-09-12 10:36:45'),
(24, 140, 'Damian Bernhard', 'Illo aut in fugit. Iste dolorem molestias debitis eos. Saepe mollitia iusto rerum quia qui tempore. Eius est sit tenetur labore omnis possimus voluptas.', 1, '2023-09-12 10:36:45', '2023-09-12 10:36:45'),
(25, 145, 'Everette Ankunding DVM', 'Omnis minus pariatur laudantium magni. Iste odit ratione in enim magnam nesciunt. Nemo totam voluptatem nihil omnis ipsam quaerat sed.', 3, '2023-09-12 10:36:45', '2023-09-12 10:36:45'),
(26, 31, 'Prof. Jamil White', 'Facere maxime sapiente eius minima dolorem tenetur. Consequatur aperiam voluptas sit assumenda molestiae est. Fuga ut ut aut enim et delectus. Cum maiores qui voluptatem inventore.', 1, '2023-09-12 10:36:45', '2023-09-12 10:36:45'),
(27, 37, 'Ms. Kailey Huel', 'Possimus fugiat saepe deleniti molestiae expedita maxime in. At nam sit quia hic autem dolores. Tenetur sed tempora qui et similique.', 5, '2023-09-12 10:36:45', '2023-09-12 10:36:45'),
(28, 29, 'Ms. Mabel Bashirian', 'Cupiditate mollitia eaque soluta ipsum voluptas occaecati. Excepturi cumque iusto aut natus ex. Dolore necessitatibus unde quaerat voluptas nostrum ut iste. Error enim amet ipsum nihil quis.', 0, '2023-09-12 10:36:45', '2023-09-12 10:36:45'),
(29, 7, 'Fritz Schneider', 'Omnis recusandae labore et quasi optio. Ea odio fugit quo reiciendis asperiores laboriosam nisi. Ut facilis suscipit aliquam sit.', 5, '2023-09-12 10:36:45', '2023-09-12 10:36:45'),
(30, 1, 'Delmer Klocko', 'Quos voluptas consequatur assumenda sed dignissimos quis sapiente est. Architecto odit explicabo in ut architecto consequatur harum. Maiores autem soluta natus occaecati est magnam est fuga.', 4, '2023-09-12 10:36:45', '2023-09-12 10:36:45'),
(31, 147, 'Junius Huel II', 'Voluptatem aut aspernatur dignissimos dolor. Labore nemo eos et earum eius suscipit voluptatibus. Dolor laborum cupiditate tempora ut quam provident. Dolore ut voluptatem quis iusto fuga.', 3, '2023-09-12 10:36:45', '2023-09-12 10:36:45'),
(32, 23, 'Ms. Annie Johnston DVM', 'Tempore esse maiores dolorem reiciendis corrupti eius. Et omnis est voluptas eos qui. Quidem autem amet dolore alias.', 3, '2023-09-12 10:36:45', '2023-09-12 10:36:45'),
(33, 32, 'Mrs. Libby Pfannerstill IV', 'Dolore necessitatibus laborum consequuntur saepe. Deserunt tempora qui voluptas nisi iste et. Voluptatem vitae amet nobis in.', 5, '2023-09-12 10:36:45', '2023-09-12 10:36:45'),
(34, 149, 'Katarina Altenwerth', 'Et aliquam sed voluptatum commodi. Eveniet cupiditate nam et est alias similique consectetur. Rerum perferendis maxime a. Voluptatem quis consequuntur ipsa beatae eveniet enim unde nihil.', 4, '2023-09-12 10:36:45', '2023-09-12 10:36:45'),
(35, 25, 'Kelsie Ondricka', 'Velit ut commodi dolor dolorum. Similique aut qui deleniti aut. Harum et sequi in officia quae et. Unde dolorem iusto omnis vitae.', 1, '2023-09-12 10:36:45', '2023-09-12 10:36:45'),
(36, 91, 'Bret Franecki IV', 'Qui recusandae aut laborum doloremque omnis consequatur. Adipisci omnis quod labore ea qui. Quia aut error sunt est nisi voluptas voluptatem.', 5, '2023-09-12 10:36:45', '2023-09-12 10:36:45'),
(37, 116, 'Ettie Stoltenberg DDS', 'Exercitationem qui tempora fugit error esse. Architecto mollitia debitis placeat qui. Et quia et eos est saepe et. Quod et ut placeat perferendis.', 5, '2023-09-12 10:36:45', '2023-09-12 10:36:45'),
(38, 94, 'Audra Wiza', 'Error aut dolorem sit. Ut maxime aperiam in aut numquam repellat autem. Sunt fugiat corporis tenetur vel facere corporis fuga. Dicta necessitatibus corrupti quia harum. Consequatur quisquam ad deleniti laborum quam non doloribus.', 0, '2023-09-12 10:36:45', '2023-09-12 10:36:45'),
(39, 2, 'Alyson Turcotte', 'Ex omnis similique maiores quod repellat autem. Consequatur minima a deleniti. Atque quam quaerat at.', 1, '2023-09-12 10:36:45', '2023-09-12 10:36:45'),
(40, 100, 'Tavares West', 'Eum explicabo veniam nam dolorem officiis. Rerum consectetur praesentium ullam.', 1, '2023-09-12 10:36:45', '2023-09-12 10:36:45'),
(41, 131, 'Mr. Davon Lemke MD', 'At quis recusandae est qui soluta quis voluptate. Officia aliquam minus nisi et reprehenderit ut. Velit eveniet dolor deleniti autem aliquam qui. Rem quas inventore aut occaecati maiores sunt. Accusantium voluptatem qui soluta nesciunt placeat.', 5, '2023-09-12 10:36:45', '2023-09-12 10:36:45'),
(42, 131, 'Nyasia Christiansen', 'Quaerat qui consequuntur voluptate enim dolores. Unde expedita minima non nisi velit voluptatem. Rerum veniam blanditiis voluptatem ea.', 5, '2023-09-12 10:36:45', '2023-09-12 10:36:45'),
(43, 49, 'Dorian Turner', 'Facilis beatae est numquam. Et ipsum autem autem. Quo molestiae hic beatae exercitationem sequi alias quasi placeat.', 2, '2023-09-12 10:36:45', '2023-09-12 10:36:45'),
(44, 136, 'Lurline Abbott', 'Molestias consequuntur provident culpa. Eaque corporis sed repellat omnis. Rerum doloremque est aut aliquam non esse architecto. Id facere quibusdam maxime vero molestias ipsa quas.', 2, '2023-09-12 10:36:45', '2023-09-12 10:36:45'),
(45, 7, 'Karine Kovacek', 'Magnam facilis est quibusdam quia nostrum enim modi. Sunt vel consectetur veniam sit quibusdam. Quae inventore dolores placeat repellat est. Vel tenetur harum quo quis in. Tempora corporis id ullam officiis qui.', 4, '2023-09-12 10:36:45', '2023-09-12 10:36:45'),
(46, 33, 'Joana Welch', 'Optio est voluptatibus nihil autem explicabo. Voluptas qui praesentium dicta debitis ut omnis commodi.', 5, '2023-09-12 10:36:45', '2023-09-12 10:36:45'),
(47, 66, 'Kailey Goldner', 'Eos laudantium minus in assumenda reprehenderit doloremque sint. Quo vel dolorem itaque ipsum. Inventore ex cumque ut dignissimos veniam pariatur ad. Qui exercitationem non facilis nam et distinctio fugit aut.', 4, '2023-09-12 10:36:45', '2023-09-12 10:36:45'),
(48, 14, 'Roman Wiza', 'Eveniet consequatur labore beatae voluptatem dolorem est. Provident voluptatibus ex earum omnis quibusdam qui. Voluptatibus in voluptatum omnis est. Blanditiis reiciendis laboriosam vitae repellat labore perspiciatis repudiandae.', 2, '2023-09-12 10:36:45', '2023-09-12 10:36:45'),
(49, 5, 'Cecilia Kihn', 'Ut corrupti rerum porro et quo. Accusamus quod amet autem quisquam officiis. Iure dolor deserunt saepe nisi voluptatem qui.', 4, '2023-09-12 10:36:45', '2023-09-12 10:36:45'),
(50, 45, 'Sandra Stokes', 'Asperiores non sint consequuntur sit ea quasi ut consectetur. Odio porro qui quaerat.', 4, '2023-09-12 10:36:45', '2023-09-12 10:36:45'),
(51, 72, 'Anya Nicolas DVM', 'Sed voluptates exercitationem omnis accusamus ea. Et quae iste quas adipisci placeat. Dolores voluptatibus necessitatibus numquam at quos corporis ut exercitationem.', 2, '2023-09-12 10:36:45', '2023-09-12 10:36:45'),
(52, 67, 'Charlotte Borer', 'Rem accusamus qui beatae unde tenetur soluta. Sed eius nihil ipsa consequuntur. Asperiores mollitia iusto eius voluptatem sed.', 0, '2023-09-12 10:36:46', '2023-09-12 10:36:46'),
(53, 82, 'Dr. Nash Huels II', 'Fuga sunt laudantium illo temporibus id unde. Omnis est quas et et sed autem sit. Sequi et culpa vel. Iure assumenda debitis velit aut. Amet deleniti exercitationem eius quibusdam autem.', 1, '2023-09-12 10:36:46', '2023-09-12 10:36:46'),
(54, 145, 'Noble Stehr', 'Asperiores explicabo quibusdam impedit qui aspernatur aut atque. Sint repellendus voluptates eum omnis placeat. Impedit quae incidunt laudantium dolorem.', 2, '2023-09-12 10:36:46', '2023-09-12 10:36:46'),
(55, 77, 'Mr. Ike Daugherty Jr.', 'Ducimus temporibus itaque voluptatem autem deserunt nesciunt. Adipisci cum ut qui cumque nesciunt. Aut esse qui ut assumenda accusantium aut doloremque. Rerum mollitia aliquam quibusdam aliquid. Dolorem eveniet et laudantium.', 1, '2023-09-12 10:36:46', '2023-09-12 10:36:46'),
(56, 49, 'Dr. Casimir Schultz IV', 'Modi ut magnam ut sed minima. Eligendi magni ab ab qui voluptatem reprehenderit aut. Cumque praesentium ipsum quas repellendus odit cum dolorem.', 3, '2023-09-12 10:36:46', '2023-09-12 10:36:46'),
(57, 147, 'Lexi Nicolas', 'Et ratione eius quia quam ut fugit. Optio voluptatum veniam accusamus ea magni esse. Quisquam impedit et consequatur consequatur quod. Ut vero ex sequi enim eveniet assumenda.', 1, '2023-09-12 10:36:46', '2023-09-12 10:36:46'),
(58, 60, 'Joany Schoen', 'Qui sint sint quasi voluptas minus at est. Repudiandae dolorem eligendi consequatur. Vitae cumque officia et quas.', 4, '2023-09-12 10:36:46', '2023-09-12 10:36:46'),
(59, 23, 'Prof. Ettie Maggio V', 'Dolor veritatis et distinctio sit voluptatibus velit quia. Et iure quae at magnam et et dolore. Dicta quasi sunt iste enim accusantium nihil praesentium.', 2, '2023-09-12 10:36:46', '2023-09-12 10:36:46'),
(60, 117, 'Damon Davis PhD', 'Ut sed qui in et quae. Nihil animi ex a sit debitis. Et et dolor voluptas. Repudiandae incidunt voluptatem voluptas enim nam ut.', 5, '2023-09-12 10:36:46', '2023-09-12 10:36:46'),
(61, 148, 'Mason Gutkowski', 'Dolor amet vero illo et amet accusantium accusantium. Error possimus reiciendis aut ut voluptatem rerum dicta. Nesciunt ea impedit dolor iste est dolores.', 4, '2023-09-12 10:36:46', '2023-09-12 10:36:46'),
(62, 108, 'Makenzie McDermott', 'Excepturi repellendus incidunt ipsa ipsa natus ab blanditiis. Tenetur molestiae earum ipsa doloribus. Eligendi eaque ut sapiente quod provident maiores.', 2, '2023-09-12 10:36:46', '2023-09-12 10:36:46'),
(63, 32, 'Howell Cummerata', 'Nobis ut qui exercitationem officia occaecati aut sint. Adipisci qui porro vitae dolor rem deserunt. Repellendus rerum pariatur aliquam non. Provident doloribus quia quia officiis.', 1, '2023-09-12 10:36:46', '2023-09-12 10:36:46'),
(64, 70, 'Prof. Arlene Ward III', 'Sed incidunt aperiam explicabo. Voluptatem fuga quae aut doloremque rerum omnis. Nihil nesciunt dolorum a. Suscipit nam velit animi. Ipsa rerum fugit sit delectus ut nulla aut aut.', 1, '2023-09-12 10:36:46', '2023-09-12 10:36:46'),
(65, 11, 'Saul Schaefer Sr.', 'Consequatur et repudiandae non harum minima laudantium. Non minus et eaque optio debitis ipsam animi quod. Adipisci sequi voluptatibus iste. Doloribus quia eum amet quia autem.', 5, '2023-09-12 10:36:46', '2023-09-12 10:36:46'),
(66, 61, 'Wanda Simonis', 'Sequi asperiores enim quis inventore officiis dolores. Sed sit eius ut eius iusto. Voluptas est eaque voluptate. Ratione sunt facilis nihil mollitia nihil et ut.', 1, '2023-09-12 10:36:46', '2023-09-12 10:36:46'),
(67, 4, 'Amalia Glover', 'Ab aut officia qui consequuntur adipisci eos. Animi dignissimos et reiciendis eaque sequi. Iste facilis qui facere illo sed cupiditate.', 5, '2023-09-12 10:36:46', '2023-09-12 10:36:46'),
(68, 47, 'Prof. Bulah Macejkovic I', 'Et cumque eligendi fugiat dolores. Ut dolorum aut dolores ut quis. At reiciendis aut harum voluptas repellendus dignissimos.', 1, '2023-09-12 10:36:46', '2023-09-12 10:36:46'),
(69, 100, 'Kattie Hirthe', 'Tenetur modi nostrum cupiditate id. Vel perspiciatis iste veniam quia. Et ullam et aut dolores officia. Dicta distinctio autem rerum eos.', 4, '2023-09-12 10:36:46', '2023-09-12 10:36:46'),
(70, 14, 'Prof. Zena Batz DDS', 'Occaecati iusto error nihil laboriosam voluptate fuga. Odit neque unde asperiores magni repudiandae voluptas ratione. Ab alias unde fugit dicta cum voluptatem ut. Voluptatem assumenda rerum non magnam sed laborum nesciunt.', 2, '2023-09-12 10:36:46', '2023-09-12 10:36:46'),
(71, 16, 'Oswaldo Haley', 'Quo excepturi maiores dolor quia odio aut consequatur. Odio cum voluptas ipsum corporis similique et deleniti. Commodi a et possimus necessitatibus voluptatem quas quis. Voluptas rerum sapiente soluta eum.', 0, '2023-09-12 10:36:46', '2023-09-12 10:36:46'),
(72, 77, 'Adelbert Dooley', 'Beatae ipsum distinctio omnis occaecati. Voluptatem similique qui explicabo maxime.', 4, '2023-09-12 10:36:46', '2023-09-12 10:36:46'),
(73, 139, 'Aleen Barton', 'Est sit aut consequatur eligendi placeat modi voluptatum. Inventore voluptatem culpa pariatur deserunt. Qui tenetur voluptas repellendus alias nesciunt. Illum ut non molestiae earum.', 0, '2023-09-12 10:36:46', '2023-09-12 10:36:46'),
(74, 32, 'Juanita Muller', 'Aperiam omnis inventore quo nihil. Ut debitis maiores qui atque et rerum facilis. Ut maiores explicabo modi soluta eveniet aspernatur architecto. Maxime ut laborum provident repudiandae distinctio et.', 3, '2023-09-12 10:36:46', '2023-09-12 10:36:46'),
(75, 18, 'Heber Keeling', 'Nisi quos natus voluptatem ad ducimus. Sint quam eum sed sed. Blanditiis aut delectus est perspiciatis dolores eum.', 2, '2023-09-12 10:36:47', '2023-09-12 10:36:47'),
(76, 25, 'Deven Cummings', 'Aut explicabo distinctio similique molestiae et. Unde et quis sit.', 3, '2023-09-12 10:36:47', '2023-09-12 10:36:47'),
(77, 130, 'Makenna Douglas II', 'Ut deserunt harum optio cumque cum officia aut. Ab ipsam asperiores omnis eius non. Officiis animi ipsam doloremque ex soluta asperiores sint.', 1, '2023-09-12 10:36:47', '2023-09-12 10:36:47'),
(78, 36, 'Sterling Greenholt II', 'Aliquam placeat recusandae ut fugiat est voluptatem vel et. Ab temporibus est nemo distinctio et esse. Doloribus est itaque iure ipsum. Ipsum minima asperiores laudantium quae.', 0, '2023-09-12 10:36:47', '2023-09-12 10:36:47'),
(79, 95, 'Serenity Kutch Sr.', 'Nobis accusantium voluptatem aut minima porro. Et rerum cupiditate quo nam. Ut est itaque asperiores blanditiis id asperiores.', 1, '2023-09-12 10:36:47', '2023-09-12 10:36:47'),
(80, 63, 'Anastasia Botsford', 'Consequatur rerum ipsum vitae laboriosam repellat nam. Dolor quod rerum iure iste soluta accusantium esse quaerat. Aliquid deleniti rem fuga voluptas earum praesentium. Eius ad eos et est. Aliquid qui optio voluptatem consequatur velit aut.', 2, '2023-09-12 10:36:47', '2023-09-12 10:36:47'),
(81, 77, 'Malinda Fadel', 'Quam id et velit quis voluptates sit. Consequatur ut odit ad qui. Quia sed ut perspiciatis aperiam optio vero fuga quo. Assumenda praesentium velit aut et.', 4, '2023-09-12 10:36:47', '2023-09-12 10:36:47'),
(82, 145, 'Dr. Hazel Olson V', 'Odio nihil voluptatem quia eaque. Exercitationem reprehenderit quasi aperiam voluptatem voluptatem velit. Qui rerum illum non nulla et delectus. Eum id ut esse dolorem beatae cupiditate impedit.', 0, '2023-09-12 10:36:47', '2023-09-12 10:36:47'),
(83, 111, 'Mackenzie Grady', 'Nulla doloribus ratione aperiam ipsa ut. Doloremque quidem esse voluptatem tempore impedit et reiciendis.', 3, '2023-09-12 10:36:47', '2023-09-12 10:36:47'),
(84, 37, 'Tyrell Leffler', 'Cum velit distinctio praesentium atque alias nobis quia. Hic molestiae atque et. Placeat voluptatem dicta non et amet facere.', 2, '2023-09-12 10:36:47', '2023-09-12 10:36:47'),
(85, 62, 'Hilda Bernier', 'Est molestias fugiat voluptas nisi rerum earum. Nihil quasi illum blanditiis aut blanditiis quia ut. Quaerat eum iure excepturi.', 4, '2023-09-12 10:36:47', '2023-09-12 10:36:47'),
(86, 50, 'Miss Nya Kovacek', 'Qui qui et optio consequatur qui dolor. Quasi sed nesciunt earum. Quo ut inventore et optio tenetur quisquam.', 2, '2023-09-12 10:36:47', '2023-09-12 10:36:47'),
(87, 13, 'Toni Kassulke', 'Autem sint qui sed corrupti error assumenda. Sunt voluptas provident odit provident sed sint qui. Molestiae debitis quia mollitia accusantium repudiandae doloremque. Harum est voluptatem ea praesentium.', 2, '2023-09-12 10:36:47', '2023-09-12 10:36:47'),
(88, 33, 'Prof. Harvey Gorczany PhD', 'Repellendus eius debitis nobis illo ut aut. Distinctio delectus aperiam quisquam ullam ut. Impedit quisquam consequuntur nisi laboriosam consectetur.', 0, '2023-09-12 10:36:47', '2023-09-12 10:36:47'),
(89, 71, 'Mrs. Christine Marks I', 'Velit cumque quam fuga unde optio. Libero ut ut quod deserunt. A voluptas odit fugiat placeat. Tempora vitae maxime dignissimos dolor earum.', 4, '2023-09-12 10:36:47', '2023-09-12 10:36:47'),
(90, 104, 'Ms. Ruthe Hagenes', 'Reiciendis quis est in quia. Libero aliquam dolor nihil ratione aperiam officia id hic. Placeat dolores et non reiciendis sed voluptate minima.', 1, '2023-09-12 10:36:47', '2023-09-12 10:36:47'),
(91, 38, 'Fiona Monahan', 'Doloremque reiciendis dolor ducimus soluta aut. Tempore aut corrupti exercitationem soluta explicabo. Perferendis minus ratione aperiam eveniet sit et optio ipsam. Et voluptate rem dignissimos.', 2, '2023-09-12 10:36:47', '2023-09-12 10:36:47'),
(92, 67, 'Mr. Zackary Romaguera', 'Aut non quis nemo quia repellendus assumenda officia. Ut porro et rerum est unde eos dolorem.', 3, '2023-09-12 10:36:48', '2023-09-12 10:36:48'),
(93, 6, 'Ms. Angie Marks', 'Quis similique quibusdam distinctio vitae dolore. Eaque fuga recusandae sit voluptate est aliquid. Eum autem sit mollitia alias id.', 1, '2023-09-12 10:36:48', '2023-09-12 10:36:48'),
(94, 59, 'Mrs. Bethany Spencer', 'Eos asperiores minus est debitis. Quibusdam aut dicta eligendi quasi. Molestias veniam mollitia harum molestias et sunt. Totam cupiditate vero magnam aliquam molestiae laudantium quae mollitia.', 1, '2023-09-12 10:36:48', '2023-09-12 10:36:48'),
(95, 58, 'Casper Baumbach', 'Necessitatibus ducimus sed culpa aut qui non. Illum vitae vel at ut sapiente saepe possimus. Ex et debitis vero optio ut assumenda. Dolor eos quis molestias.', 4, '2023-09-12 10:36:48', '2023-09-12 10:36:48'),
(96, 143, 'Alberto Metz', 'Autem et blanditiis at et et perferendis. Est minima omnis quas eius vitae dolorum. Numquam vel est placeat sunt aut.', 0, '2023-09-12 10:36:48', '2023-09-12 10:36:48'),
(97, 13, 'Marjorie Green', 'Sit vero distinctio enim in eos. Laboriosam consequuntur maxime dolor facere consequuntur aut.', 4, '2023-09-12 10:36:48', '2023-09-12 10:36:48'),
(98, 135, 'Roxane McCullough', 'Nam distinctio quas id magnam ratione. Incidunt expedita sapiente atque sint repudiandae consequuntur earum. In unde hic voluptate neque.', 4, '2023-09-12 10:36:48', '2023-09-12 10:36:48'),
(99, 148, 'Adrien Vandervort', 'Eius qui aspernatur dolorem officiis sit vel perspiciatis. Odio iste voluptatem quam voluptas velit quia voluptate. Ut modi iure vel placeat autem pariatur labore. Inventore a facere nemo voluptatem nisi. Qui delectus sapiente cumque et sit aspernatur asperiores.', 5, '2023-09-12 10:36:48', '2023-09-12 10:36:48'),
(100, 68, 'Miss Santina Wilkinson', 'Aliquam accusamus quis voluptas aspernatur error exercitationem et et. Ipsa vel possimus non blanditiis unde quia iusto. Qui beatae dolorem quia repellendus ad qui qui.', 3, '2023-09-12 10:36:48', '2023-09-12 10:36:48'),
(101, 21, 'Mr. Jed Rogahn Sr.', 'Laudantium nam voluptatum ipsa vero. Id modi vero ea quis ut assumenda reiciendis cupiditate. Sit magnam recusandae nam.', 0, '2023-09-12 10:36:48', '2023-09-12 10:36:48'),
(102, 94, 'Daphne Adams', 'Autem aut minus alias. Voluptatem iure facilis perspiciatis enim iure. Accusamus quia voluptas sit itaque maiores quas quo. Dolorem natus assumenda cumque eum quam assumenda.', 4, '2023-09-12 10:36:48', '2023-09-12 10:36:48'),
(103, 81, 'Dr. Aaron Farrell', 'Dolor sequi dolor ea voluptatem vero nam. Et distinctio dolor corrupti molestiae. Sed voluptas et mollitia numquam cumque ipsam magni.', 4, '2023-09-12 10:36:48', '2023-09-12 10:36:48'),
(104, 1, 'Annamae Ankunding', 'Et qui quisquam et libero. Aut earum deserunt sequi quos sequi sunt. Aut incidunt rerum quos ex odit est vel. Illum dolore quod hic sequi rem adipisci quod.', 4, '2023-09-12 10:36:48', '2023-09-12 10:36:48'),
(105, 111, 'Miller Kemmer', 'Saepe consectetur ut voluptatem ab qui rerum. Delectus autem consectetur et et autem ut illum. Officia aliquid sit deleniti aut molestiae autem illo vel. Deserunt aut aut eaque est quo ipsum rerum.', 2, '2023-09-12 10:36:48', '2023-09-12 10:36:48'),
(106, 50, 'Braulio Fahey', 'In quisquam vitae reiciendis harum voluptatem quod aliquam sit. Provident tempore voluptatem voluptate eveniet aut laudantium veniam.', 3, '2023-09-12 10:36:48', '2023-09-12 10:36:48'),
(107, 127, 'Miss Alvera White I', 'Voluptas doloribus tempore inventore aut repudiandae eum eius. Sint qui culpa itaque quas dolorem. Quidem ut doloremque non voluptates deleniti error maiores sit. Sint veritatis magnam dicta ex.', 1, '2023-09-12 10:36:48', '2023-09-12 10:36:48'),
(108, 69, 'Stacy Okuneva', 'Nobis rerum voluptas sed rerum. Dolorem voluptatibus eum quod nam fuga quos. Id quidem quia ut.', 3, '2023-09-12 10:36:48', '2023-09-12 10:36:48'),
(109, 32, 'Garrick O\'Reilly', 'Fuga molestiae beatae dolor repellendus recusandae vel aut. Voluptate sapiente labore dolores et consequatur. Nostrum debitis labore delectus in veniam quas.', 5, '2023-09-12 10:36:48', '2023-09-12 10:36:48'),
(110, 148, 'Edgar Bayer', 'Fugiat nihil hic mollitia ut velit nam in. Ut veniam et quis aspernatur eaque. Mollitia asperiores eum omnis esse maiores quo hic.', 0, '2023-09-12 10:36:48', '2023-09-12 10:36:48'),
(111, 31, 'Miss Leola Dooley PhD', 'Animi error est quia ipsa eius nemo. Qui sit qui quidem quis sapiente. Animi consectetur aut maiores quos consequuntur doloremque. Quae inventore debitis tempore laboriosam sint.', 0, '2023-09-12 10:36:48', '2023-09-12 10:36:48'),
(112, 122, 'Mr. Hiram Farrell', 'Nisi omnis sint qui laborum aliquid quos. Enim corrupti suscipit ratione qui.', 2, '2023-09-12 10:36:48', '2023-09-12 10:36:48'),
(113, 60, 'Francis Schoen IV', 'Fugit vel impedit nobis laudantium nihil ut sed. Consequatur et explicabo veniam molestiae. Hic sed minima et.', 2, '2023-09-12 10:36:48', '2023-09-12 10:36:48'),
(114, 7, 'Peggie Weissnat', 'Reprehenderit dolorum accusamus nam placeat est quis. Nihil ipsam ducimus est corporis et asperiores consequatur voluptate. Labore et esse dolorem omnis sit nam.', 5, '2023-09-12 10:36:48', '2023-09-12 10:36:48'),
(115, 85, 'Treva Krajcik', 'Sint reprehenderit doloremque praesentium corporis quis. Nisi consequatur quam nostrum quas iure. Aut odio dolore optio.', 4, '2023-09-12 10:36:48', '2023-09-12 10:36:48'),
(116, 93, 'Marjory Zboncak', 'Omnis quo dicta non dolores. Qui debitis sunt impedit amet recusandae iusto qui. Nobis harum esse delectus ut aperiam consequatur.', 3, '2023-09-12 10:36:48', '2023-09-12 10:36:48'),
(117, 86, 'Ms. Elsie Schuppe PhD', 'Voluptates officiis dolorem ipsum aut provident molestias distinctio. Nulla perspiciatis dolor non molestias soluta ut. Accusantium quidem rem expedita aut. Exercitationem molestiae et doloribus odio fugit quos officiis.', 0, '2023-09-12 10:36:48', '2023-09-12 10:36:48'),
(118, 59, 'Dr. Fredrick Stark Sr.', 'Qui ut dolore ex sapiente rerum natus earum. Occaecati dolores quis aut ea. Et et hic labore. Est aut sint nulla quis unde incidunt. Qui optio expedita consequatur porro ipsa voluptates.', 4, '2023-09-12 10:36:48', '2023-09-12 10:36:48'),
(119, 132, 'Prof. Cathy Rogahn II', 'Recusandae reiciendis incidunt quam quisquam ut molestiae. Cum eius porro nihil. Dolorem excepturi incidunt ut nobis necessitatibus vitae doloribus. Provident voluptas repellendus autem iure omnis omnis aut.', 2, '2023-09-12 10:36:48', '2023-09-12 10:36:48'),
(120, 93, 'Ms. Ofelia Tromp III', 'Accusantium est ut animi facilis et. Aut aspernatur ea similique nemo.', 4, '2023-09-12 10:36:48', '2023-09-12 10:36:48'),
(121, 112, 'Prof. Maximillian Hamill', 'Qui qui quis veniam reprehenderit et sint facere. Facilis aperiam nobis et et. Ducimus rem sit laborum veniam qui. Ducimus eaque officia omnis.', 2, '2023-09-12 10:36:48', '2023-09-12 10:36:48'),
(122, 20, 'Hester Dickens', 'Sint deserunt aut dicta sint corrupti. Delectus ex mollitia voluptas quos asperiores inventore qui quia. Adipisci ad consequatur ut voluptatem voluptas. Fugiat accusantium consequatur et voluptatem culpa et.', 2, '2023-09-12 10:36:49', '2023-09-12 10:36:49'),
(123, 82, 'Anastacio Legros', 'Ut sit repellendus pariatur corporis similique libero quibusdam. Et qui nostrum est dicta nisi explicabo qui.', 5, '2023-09-12 10:36:49', '2023-09-12 10:36:49'),
(124, 18, 'Selina Weissnat', 'Magni exercitationem doloribus illo dignissimos omnis eveniet. At atque sit dolorem et ducimus est pariatur. Porro possimus fugiat ducimus ea. Pariatur voluptatum cum et delectus unde dolorem quo.', 0, '2023-09-12 10:36:49', '2023-09-12 10:36:49'),
(125, 101, 'Steve Cruickshank', 'Nisi eum quisquam fugit numquam omnis quia. Consequuntur quia repellat nisi cum. Cum voluptas aut eum quia consequatur temporibus sapiente sunt. Ut et qui accusamus nisi velit.', 2, '2023-09-12 10:36:49', '2023-09-12 10:36:49'),
(126, 103, 'Susana Hoeger', 'Tempore facilis facilis ad molestias quisquam. Libero veniam eligendi soluta quibusdam amet impedit ratione. Et est sit cupiditate voluptatem ullam pariatur quos animi. Quaerat quia minima ab hic.', 3, '2023-09-12 10:36:49', '2023-09-12 10:36:49'),
(127, 4, 'Prof. Gracie Crist', 'Repudiandae ex minima quis. In enim illum porro et quia quaerat.', 5, '2023-09-12 10:36:49', '2023-09-12 10:36:49'),
(128, 38, 'Jettie Wuckert', 'Cupiditate excepturi iusto labore ut nulla fugiat. Aut ut vel aperiam praesentium numquam necessitatibus dolor. Aut aliquam laborum tempore odio omnis ut ex qui. Reprehenderit doloribus ipsam atque atque magnam.', 0, '2023-09-12 10:36:49', '2023-09-12 10:36:49'),
(129, 30, 'Buck Gottlieb', 'Et sit sed aut et quam. Magni facere voluptatibus et officia. Possimus qui corrupti ut natus et ut.', 0, '2023-09-12 10:36:49', '2023-09-12 10:36:49'),
(130, 29, 'Cordell Crooks', 'Quo ratione repellat ut reprehenderit molestiae ut. Sit accusamus ipsum vitae id et. Molestiae fugit qui ullam.', 3, '2023-09-12 10:36:49', '2023-09-12 10:36:49'),
(131, 144, 'Mr. Lewis Emard I', 'Quis non repellendus iste tempora deserunt reiciendis. Et iusto autem quia repellat assumenda tenetur nihil. Placeat laborum iure esse laboriosam atque voluptas.', 3, '2023-09-12 10:36:49', '2023-09-12 10:36:49'),
(132, 129, 'Kaela Schuster', 'Alias eos dignissimos qui omnis ea possimus in. Nihil tempora non at earum aut quisquam dignissimos.', 4, '2023-09-12 10:36:49', '2023-09-12 10:36:49'),
(133, 8, 'Verna Weber', 'Nisi maxime maiores omnis dolore consequatur quas. Sit modi rem ut facere. Enim vitae adipisci totam aut. Veritatis veniam neque facere rem.', 5, '2023-09-12 10:36:49', '2023-09-12 10:36:49'),
(134, 15, 'Jevon Hane', 'Ea vel accusantium mollitia doloribus. Tempora sed provident ea ut minus quos. Voluptatem ab fugiat dicta tenetur voluptate temporibus ut consequatur.', 2, '2023-09-12 10:36:49', '2023-09-12 10:36:49'),
(135, 142, 'Cale Pagac III', 'Vero alias est pariatur quidem hic nesciunt. Aperiam consequatur consequatur ipsum iusto. Quia autem consequuntur aperiam quae explicabo occaecati.', 0, '2023-09-12 10:36:49', '2023-09-12 10:36:49'),
(136, 81, 'Mrs. Nannie Sauer III', 'Maxime harum et sed tempora voluptas et. Maxime nihil pariatur error tempora. Id sunt maxime repudiandae inventore nulla dolorum quo. Eos non deleniti qui doloribus cum.', 3, '2023-09-12 10:36:50', '2023-09-12 10:36:50'),
(137, 34, 'Trycia Altenwerth', 'Explicabo eveniet consequatur earum et porro. Dolore quae dolor omnis quibusdam odio voluptas occaecati. Minus et doloribus fugit est nobis.', 2, '2023-09-12 10:36:50', '2023-09-12 10:36:50'),
(138, 76, 'Ignatius Gutmann', 'Molestiae animi optio qui non aliquid qui. Corporis non eos amet itaque tempora laboriosam quia officiis. Illum amet omnis repellat omnis.', 5, '2023-09-12 10:36:50', '2023-09-12 10:36:50'),
(139, 49, 'Mr. Skylar Crooks', 'Ipsa quaerat et voluptatum. Cupiditate molestiae maxime deleniti aut a. Optio sequi quaerat cumque.', 4, '2023-09-12 10:36:50', '2023-09-12 10:36:50'),
(140, 15, 'Gay Goyette', 'Sed vel a et perferendis aliquid. Eligendi reiciendis qui cupiditate illum nihil est nesciunt quos. Eos maiores dolores repellat praesentium.', 5, '2023-09-12 10:36:50', '2023-09-12 10:36:50'),
(141, 148, 'Cullen Mann IV', 'Libero ea cumque consequuntur et quos. Dicta autem in molestias eligendi iure dolores. Labore itaque accusamus facilis et voluptatem.', 3, '2023-09-12 10:36:50', '2023-09-12 10:36:50'),
(142, 120, 'Prof. Unique Aufderhar', 'Magnam incidunt harum quia qui. Facere est eos ad magnam enim quaerat. Mollitia reiciendis quidem ut veniam amet. Temporibus architecto cumque est dolorem corrupti ratione qui.', 5, '2023-09-12 10:36:50', '2023-09-12 10:36:50'),
(143, 56, 'Bianka Toy', 'Doloremque debitis aut laudantium eveniet excepturi. Inventore velit sint perspiciatis necessitatibus quis iusto velit.', 0, '2023-09-12 10:36:50', '2023-09-12 10:36:50'),
(144, 3, 'Ms. Elisa Graham MD', 'Vero id eveniet cupiditate iure distinctio dignissimos dolorum. Soluta cumque commodi sit fugit sit ipsam vero vel.', 5, '2023-09-12 10:36:50', '2023-09-12 10:36:50'),
(145, 1, 'Ewell Schaden', 'Iste omnis fugiat consequatur ad nemo adipisci. Itaque numquam unde voluptates magnam voluptatem. Doloribus qui et eius amet et et sequi nam. Quia itaque nemo enim nostrum sint.', 3, '2023-09-12 10:36:50', '2023-09-12 10:36:50'),
(146, 147, 'Lucile Hessel', 'Quis at est adipisci et. Repellat ea totam unde eius repellat sed. Et pariatur dolorem eum quas qui. Provident aut omnis eaque incidunt odit rerum.', 2, '2023-09-12 10:36:50', '2023-09-12 10:36:50'),
(147, 13, 'Elisa Abshire', 'Omnis ut quis in quaerat dolorem. Fuga neque et qui. Corrupti adipisci rerum quo dolorem.', 1, '2023-09-12 10:36:50', '2023-09-12 10:36:50'),
(148, 106, 'Liam Murray', 'Consequatur consequatur est ad natus velit quos voluptatem ab. Assumenda fugit dolore et ipsum aut. Nemo voluptatem rem qui ducimus nostrum facere.', 0, '2023-09-12 10:36:50', '2023-09-12 10:36:50'),
(149, 95, 'Prof. Jo Bauch', 'Ipsa dolor atque dolorem natus id rerum assumenda. Itaque magni ea vero modi rem quia. Soluta voluptas repellendus magnam. Ratione optio adipisci recusandae odit placeat eaque ab.', 2, '2023-09-12 10:36:50', '2023-09-12 10:36:50'),
(150, 108, 'Sibyl Jakubowski', 'Magnam libero veniam placeat explicabo mollitia qui a. Sed ea ullam ut. Animi id vel ratione rerum sit quis illo. Ea culpa tenetur ducimus sit est.', 5, '2023-09-12 10:36:51', '2023-09-12 10:36:51'),
(151, 35, 'Santiago Koss', 'Doloremque ratione nulla voluptatem suscipit adipisci. Ut quae et accusantium optio ex ut quas. Quia ut odio enim provident minus. Hic ut ut commodi est in adipisci quisquam.', 2, '2023-09-12 10:36:51', '2023-09-12 10:36:51'),
(152, 109, 'Mrs. Gwendolyn Jacobi', 'Cupiditate odit quae iste hic error. Eligendi commodi iste at.', 5, '2023-09-12 10:36:51', '2023-09-12 10:36:51'),
(153, 76, 'Alfreda Parker', 'Quia beatae non aspernatur quas qui aliquid. Labore quas esse quam dolor id voluptatem reiciendis. Repudiandae laboriosam perspiciatis non ex labore atque. Ullam sunt molestias maiores doloribus esse fugit ea. Aspernatur unde exercitationem corrupti dolore ratione.', 4, '2023-09-12 10:36:51', '2023-09-12 10:36:51'),
(154, 67, 'Joelle Thompson', 'Enim voluptas nesciunt aliquam reiciendis suscipit. Alias dolores magni vel voluptatem doloribus repudiandae.', 3, '2023-09-12 10:36:51', '2023-09-12 10:36:51'),
(155, 112, 'Prof. Lavon Monahan DVM', 'Fugit id fugit sit corporis. Qui qui voluptatem error ut reprehenderit. Quia aut labore rem sapiente molestiae quidem.', 5, '2023-09-12 10:36:51', '2023-09-12 10:36:51'),
(156, 82, 'Prof. Albert Rau DDS', 'Porro voluptates qui dolorem ut. Est est delectus vel recusandae aut atque aut. Omnis repellat assumenda et excepturi corporis. Cupiditate et aut voluptates occaecati. Sunt rerum fugiat explicabo autem.', 2, '2023-09-12 10:36:51', '2023-09-12 10:36:51'),
(157, 71, 'Eleazar Stoltenberg Sr.', 'Voluptas iure veritatis voluptatem autem. Quo omnis sed in optio.', 2, '2023-09-12 10:36:51', '2023-09-12 10:36:51'),
(158, 99, 'Erin Klocko', 'Illo et nobis fuga maiores ad exercitationem. Qui ipsa dignissimos qui eaque. Laudantium aut ut facere provident qui.', 3, '2023-09-12 10:36:51', '2023-09-12 10:36:51'),
(159, 54, 'Prof. Edison Denesik', 'Laudantium soluta ad quae occaecati est. Veniam qui qui quia. Tenetur officia rerum ut provident vel consequatur. Qui voluptatem nihil velit reiciendis libero maiores fugiat cupiditate.', 0, '2023-09-12 10:36:51', '2023-09-12 10:36:51'),
(160, 23, 'Earlene Schowalter', 'In ipsum ducimus corrupti aliquid eius incidunt. Aut ipsa saepe ut aut sed voluptatum voluptatem. Id eligendi adipisci pariatur sint. Quo unde maiores et et. Eum quis sunt quam.', 4, '2023-09-12 10:36:51', '2023-09-12 10:36:51'),
(161, 51, 'Dr. Jamie Klocko MD', 'Impedit qui omnis et cum qui. Laborum nulla ab unde tempora reiciendis. Beatae molestias quis sequi est. Atque consequuntur quisquam vel rerum.', 0, '2023-09-12 10:36:51', '2023-09-12 10:36:51'),
(162, 54, 'Geoffrey Altenwerth III', 'Non inventore error ut sit ex eum quae. Corporis saepe magnam est consequuntur et dicta ipsum et. Eum consequuntur qui ut consequatur.', 1, '2023-09-12 10:36:51', '2023-09-12 10:36:51'),
(163, 100, 'Dr. Arnaldo Roob', 'Doloribus temporibus saepe vel quia sed. Repellendus impedit amet officiis necessitatibus expedita quia. Nulla pariatur non molestiae dolorem aut autem ipsum. Totam dolor est fuga. Dicta qui doloribus nisi explicabo.', 5, '2023-09-12 10:36:51', '2023-09-12 10:36:51'),
(164, 45, 'Jessyca Williamson', 'Illum aut autem modi ipsam. Culpa vitae sed magni rem nostrum eos ipsum. Ipsam facere voluptas id aut qui. Maxime alias earum quo ipsam. Voluptatem a sit porro explicabo.', 2, '2023-09-12 10:36:51', '2023-09-12 10:36:51'),
(165, 55, 'Brandon Jacobs', 'Eligendi voluptate pariatur quia cum harum non nam. Rem sint id maiores reprehenderit earum amet non quasi. Rerum dolores cumque perspiciatis vel laboriosam.', 0, '2023-09-12 10:36:51', '2023-09-12 10:36:51'),
(166, 3, 'Ms. Keara Carroll', 'Maiores odit excepturi autem. Ut alias assumenda assumenda in dicta inventore sit. Minima occaecati nostrum atque repellendus nostrum totam saepe.', 5, '2023-09-12 10:36:51', '2023-09-12 10:36:51'),
(167, 13, 'Erwin Hayes DDS', 'Asperiores autem provident nam veniam ut minus tempora. Sed et magnam consectetur perferendis quae libero. Reiciendis exercitationem quas commodi explicabo consequatur in rerum.', 0, '2023-09-12 10:36:52', '2023-09-12 10:36:52'),
(168, 51, 'Karelle Botsford', 'Quae provident saepe omnis aut voluptas consequatur. Quasi voluptas repellendus porro ipsum nesciunt et ratione. Consequuntur commodi qui nihil est nobis. Sit officiis iure dolores numquam quas repudiandae.', 2, '2023-09-12 10:36:52', '2023-09-12 10:36:52'),
(169, 57, 'Dr. Lila Batz II', 'Voluptas maxime est saepe autem asperiores deserunt. Aut quo dolorum et et sunt tenetur est.', 5, '2023-09-12 10:36:52', '2023-09-12 10:36:52'),
(170, 113, 'Elroy Gusikowski', 'Quaerat dolor nesciunt praesentium voluptas. Repudiandae sed ducimus eligendi et. Molestiae adipisci sint nobis.', 2, '2023-09-12 10:36:52', '2023-09-12 10:36:52'),
(171, 127, 'Elfrieda Wyman', 'Dolor asperiores temporibus harum fugiat minima enim vitae accusantium. Fugiat sint quia officiis autem quia. Id velit sit beatae ducimus exercitationem assumenda ut aliquid.', 2, '2023-09-12 10:36:52', '2023-09-12 10:36:52'),
(172, 115, 'Bonnie Rodriguez', 'Neque sint optio sed voluptatem. Cum est numquam autem quos temporibus dignissimos quia. Nesciunt repudiandae vitae maxime sequi ut et quisquam reprehenderit. Id omnis cumque enim ut ullam. Fugit in sapiente voluptate nesciunt sit.', 3, '2023-09-12 10:36:52', '2023-09-12 10:36:52'),
(173, 23, 'Jerel Friesen IV', 'Rerum ducimus quam vel. Ex dicta alias ut nihil repellendus. Et esse explicabo quasi. Sapiente qui explicabo qui atque.', 5, '2023-09-12 10:36:52', '2023-09-12 10:36:52'),
(174, 13, 'Dr. Mozelle Von', 'Omnis ullam asperiores fugit voluptatibus. Aperiam ut nihil adipisci dolores dignissimos ex ipsam. Veritatis et in qui aut expedita.', 1, '2023-09-12 10:36:52', '2023-09-12 10:36:52'),
(175, 39, 'Dr. Micaela Hessel DDS', 'Ut quas corrupti mollitia nihil. Ea et atque consectetur eius perferendis ducimus. Adipisci expedita optio suscipit in ducimus adipisci occaecati.', 2, '2023-09-12 10:36:52', '2023-09-12 10:36:52'),
(176, 102, 'Prof. Brielle Wilkinson', 'Omnis doloribus natus vitae quia vitae voluptatem eligendi qui. Porro deserunt sint similique culpa ratione quisquam. Iusto sit nulla at consequatur nemo. Quisquam enim impedit nemo qui quia et. Recusandae pariatur aliquam harum aspernatur voluptatibus.', 5, '2023-09-12 10:36:52', '2023-09-12 10:36:52'),
(177, 138, 'Mrs. Katherine Lindgren I', 'Quam est ipsum praesentium veniam. Ipsum perspiciatis quod sit odit et aperiam. Aut corporis perferendis porro dolorem porro omnis non.', 4, '2023-09-12 10:36:52', '2023-09-12 10:36:52'),
(178, 25, 'Giuseppe Conn', 'Dolorum explicabo autem saepe sunt. Excepturi nihil dicta qui aliquid accusamus maxime.', 0, '2023-09-12 10:36:52', '2023-09-12 10:36:52'),
(179, 5, 'Mrs. Adela Blick V', 'Aliquam quos qui reprehenderit voluptate. Reprehenderit quo unde nulla aut. Pariatur veniam velit quod animi quod non.', 3, '2023-09-12 10:36:52', '2023-09-12 10:36:52'),
(180, 2, 'Camden Shields', 'Voluptatem praesentium non et odio sint. Qui nihil eaque ad corrupti. Maxime officia veritatis nulla ut voluptas.', 5, '2023-09-12 10:36:52', '2023-09-12 10:36:52'),
(181, 98, 'Gerhard VonRueden III', 'Autem rerum exercitationem voluptatem accusamus optio vitae. Beatae inventore quidem ut. Et ea est error et qui est fuga. Animi fugit officiis aperiam.', 0, '2023-09-12 10:36:52', '2023-09-12 10:36:52'),
(182, 96, 'Mrs. Ozella Moen', 'Dolores nostrum magnam nesciunt. Voluptas fugiat distinctio voluptas. Nisi quidem dolorum quod fuga sed itaque. Eum fuga et quis quis mollitia.', 4, '2023-09-12 10:36:52', '2023-09-12 10:36:52'),
(183, 5, 'Miss Libby Emard', 'Nobis modi eos magnam voluptatem sint. Expedita cum omnis quo quia ut. Dolore sequi reiciendis quia modi voluptatum quibusdam magni.', 5, '2023-09-12 10:36:52', '2023-09-12 10:36:52'),
(184, 98, 'Dr. Sadie Howe', 'Rem illo et molestiae aliquam. Praesentium et est aliquid non in. Aut quos eveniet quisquam est molestiae dolor odio laudantium.', 5, '2023-09-12 10:36:52', '2023-09-12 10:36:52'),
(185, 35, 'Prof. Ron Borer IV', 'Facilis quaerat sed expedita quibusdam consequatur aut similique. Reprehenderit et sequi ducimus. Blanditiis fuga officiis ex non quia.', 2, '2023-09-12 10:36:52', '2023-09-12 10:36:52'),
(186, 78, 'Alvena Gottlieb PhD', 'Veritatis id omnis odio expedita non. Placeat quos dicta quo non eum sunt. Quasi excepturi numquam dolores aut nam odit. Praesentium soluta quia tempora occaecati quia ipsum. Tempora ut consequatur doloribus voluptatem earum et reiciendis.', 4, '2023-09-12 10:36:52', '2023-09-12 10:36:52'),
(187, 129, 'Hattie Schuppe PhD', 'Dolore qui sed impedit atque fugiat voluptas architecto. Praesentium tenetur ex tempore quidem.', 0, '2023-09-12 10:36:52', '2023-09-12 10:36:52'),
(188, 84, 'Prof. Ova Orn MD', 'Officia in molestiae ex eum est sint hic. Beatae doloribus eos aut recusandae laboriosam eos nihil. Non sed et omnis id omnis molestiae et.', 0, '2023-09-12 10:36:52', '2023-09-12 10:36:52'),
(189, 88, 'Laisha Hudson', 'Quia repudiandae nam et molestiae delectus explicabo est. Omnis modi et aut et. Est eius quia quae eaque numquam dolor asperiores.', 5, '2023-09-12 10:36:52', '2023-09-12 10:36:52'),
(190, 132, 'Evangeline Romaguera', 'Deleniti voluptas magnam molestiae et nisi odio. Minus dolorum quas rerum et officia. Maxime sunt qui autem. Non omnis aut aperiam alias nobis at sunt magnam.', 2, '2023-09-12 10:36:52', '2023-09-12 10:36:52'),
(191, 122, 'Mrs. Glenna Oberbrunner', 'Adipisci earum voluptatem et iste quo ea. Cupiditate consectetur voluptates qui incidunt voluptatem. Quo esse omnis eligendi beatae consectetur laborum. Animi fuga facere eos autem eos fuga enim alias. Temporibus recusandae facilis velit velit praesentium.', 1, '2023-09-12 10:36:52', '2023-09-12 10:36:52'),
(192, 1, 'Rollin Schmitt', 'Expedita cum omnis rerum temporibus saepe labore quo neque. Et quo eligendi error sed voluptas sint et. Ut omnis culpa reprehenderit id blanditiis atque.', 3, '2023-09-12 10:36:52', '2023-09-12 10:36:52'),
(193, 6, 'Nathan Dicki', 'Sit autem et nihil dolores consequatur. Aliquid laboriosam molestiae eum odio sit maxime facere. Earum molestias id sed minima.', 5, '2023-09-12 10:36:52', '2023-09-12 10:36:52'),
(194, 41, 'Miss Vickie Daugherty', 'Incidunt voluptas perferendis harum velit cupiditate. Natus perferendis odit qui sint. Aut esse occaecati atque.', 5, '2023-09-12 10:36:52', '2023-09-12 10:36:52'),
(195, 30, 'Dr. Lukas Barrows DVM', 'Id voluptas rerum perferendis assumenda libero eaque. Vitae sint eius in blanditiis. Rem quas incidunt natus nisi quia vero voluptas expedita. Reprehenderit impedit earum at itaque necessitatibus placeat.', 4, '2023-09-12 10:36:52', '2023-09-12 10:36:52'),
(196, 100, 'Clemmie Kub', 'Et laudantium dolorem ipsam soluta debitis nobis. Officiis voluptatem magnam dolores. Dolores omnis ipsam ducimus veritatis iste id.', 5, '2023-09-12 10:36:52', '2023-09-12 10:36:52'),
(197, 106, 'Carolanne Wuckert', 'Ipsa deserunt libero eveniet tempora necessitatibus. Totam at tenetur a maiores recusandae. Aut corporis possimus nisi id. Totam quasi aut dicta quo facilis provident officiis.', 5, '2023-09-12 10:36:52', '2023-09-12 10:36:52'),
(198, 144, 'Aliyah Kautzer DVM', 'Necessitatibus incidunt quis repellendus qui qui. Et ullam voluptatem qui odio dolores ut illo corporis. Fuga alias saepe est ducimus qui vero.', 0, '2023-09-12 10:36:53', '2023-09-12 10:36:53'),
(199, 78, 'Mrs. Constance Grant', 'Suscipit dolores eveniet expedita. Praesentium ipsum occaecati hic officia distinctio. Pariatur quasi quaerat facere ut quo itaque numquam. Aliquam vitae voluptatem delectus non.', 3, '2023-09-12 10:36:53', '2023-09-12 10:36:53'),
(200, 145, 'Ms. Linnie Wyman', 'Enim amet modi quaerat similique. Earum harum animi numquam dignissimos voluptas adipisci. Cupiditate dolor cum dolore provident sequi eos quis. Qui repellat explicabo consectetur nisi ut ut minus minus. In ut sit blanditiis consequatur.', 0, '2023-09-12 10:36:53', '2023-09-12 10:36:53'),
(201, 51, 'Else O\'Kon', 'Quos consequatur aut libero debitis voluptas omnis quis explicabo. Minima necessitatibus quam eaque necessitatibus reiciendis.', 0, '2023-09-12 10:36:53', '2023-09-12 10:36:53'),
(202, 26, 'Iva Schulist', 'Et provident ipsa eos minima officia. Eos perspiciatis et voluptates quas recusandae eum natus. Eveniet dolore ad magni dolor.', 0, '2023-09-12 10:36:53', '2023-09-12 10:36:53'),
(203, 148, 'Maynard Kreiger MD', 'Ratione corporis veritatis et ducimus tempore dolorem rerum. Qui reiciendis voluptatem dolor vero modi. Placeat fuga ut qui veritatis.', 5, '2023-09-12 10:36:53', '2023-09-12 10:36:53'),
(204, 107, 'Mr. Terrence Tremblay', 'Delectus odit facere cum repellat. Rerum odio accusamus mollitia eum. Eum at et qui et doloribus commodi. Et sit dolor nulla voluptas earum non.', 2, '2023-09-12 10:36:53', '2023-09-12 10:36:53'),
(205, 23, 'Abdul Lowe', 'Et enim repudiandae et mollitia animi. Ipsam quis accusantium incidunt nam. Accusantium non earum eos ut. Aut accusantium illum est dolor aut.', 5, '2023-09-12 10:36:53', '2023-09-12 10:36:53'),
(206, 116, 'Electa Lemke', 'Necessitatibus autem quisquam quaerat amet. Nulla ut ut sed dolorem ea sit qui harum. Quia laborum aut blanditiis nisi blanditiis adipisci eos facere. Eveniet ut reiciendis harum dolorem adipisci illum.', 0, '2023-09-12 10:36:53', '2023-09-12 10:36:53'),
(207, 6, 'Penelope Lubowitz PhD', 'Cupiditate explicabo quia impedit nesciunt omnis veniam. Quo ut suscipit qui quis cupiditate doloribus sit. Inventore quas id est modi. Natus aut dolor sed et.', 1, '2023-09-12 10:36:53', '2023-09-12 10:36:53'),
(208, 64, 'Courtney McCullough', 'Ipsam aspernatur incidunt corrupti placeat. Sit unde accusamus expedita possimus eum. Eum magni enim fugiat.', 0, '2023-09-12 10:36:53', '2023-09-12 10:36:53'),
(209, 134, 'Helga Hessel', 'Impedit suscipit voluptates et rerum. Aspernatur reprehenderit facilis quidem ut. Quod ab amet blanditiis voluptate ad. Voluptas rem accusamus officia esse.', 4, '2023-09-12 10:36:53', '2023-09-12 10:36:53'),
(210, 126, 'Tate Witting II', 'Corporis eos laudantium sapiente alias vel. Totam velit est omnis sit quos. Dignissimos veniam laborum culpa assumenda eum aut nemo.', 0, '2023-09-12 10:36:53', '2023-09-12 10:36:53'),
(211, 49, 'Ms. Cecile Abshire', 'Dignissimos qui velit dolorum maiores aliquam. Doloribus voluptatem et sint a et tempore ea delectus. Fuga corrupti vel impedit ullam in.', 4, '2023-09-12 10:36:53', '2023-09-12 10:36:53'),
(212, 81, 'Ms. Annalise Morissette DVM', 'Debitis id ea nisi voluptatem libero mollitia blanditiis. Eum mollitia et eum. Asperiores dolorum enim saepe eum similique sequi.', 4, '2023-09-12 10:36:53', '2023-09-12 10:36:53');
INSERT INTO `reviews` (`id`, `product_id`, `customer`, `review`, `star`, `created_at`, `updated_at`) VALUES
(213, 50, 'Emmie Weber', 'Tempora inventore sed qui ut ratione numquam ipsum. Quis pariatur in ut. Nisi perferendis ut in culpa sint maxime dolores. Dolore et voluptas perspiciatis qui ipsum enim dolore.', 2, '2023-09-12 10:36:53', '2023-09-12 10:36:53'),
(214, 35, 'Dr. Jamey Bernhard', 'Vel vitae exercitationem tempore. Commodi aut eaque ullam ea doloribus hic minima. Delectus sunt et provident quos porro.', 5, '2023-09-12 10:36:53', '2023-09-12 10:36:53'),
(215, 6, 'Chaim Becker', 'Quasi odio modi maxime dicta aut mollitia tenetur. Sequi sed est sint est illum similique debitis. Atque omnis quia error similique et quis. Natus qui reiciendis veniam rerum ut natus modi. Ea iste et et minus et incidunt ea.', 3, '2023-09-12 10:36:53', '2023-09-12 10:36:53'),
(216, 34, 'Miss Shanon Green Jr.', 'Minus sunt inventore ut ut consequatur harum aut quaerat. Nobis nobis modi recusandae qui blanditiis id. Accusantium delectus veritatis occaecati facere a.', 4, '2023-09-12 10:36:53', '2023-09-12 10:36:53'),
(217, 107, 'Merle O\'Connell', 'Dolorum provident velit hic aut et vel quo. Nesciunt maiores voluptates odit. Consequatur quia repellendus et voluptate placeat dolores. Quisquam praesentium perferendis cumque dolores. Quibusdam sed ut occaecati eius expedita eligendi.', 2, '2023-09-12 10:36:53', '2023-09-12 10:36:53'),
(218, 2, 'Dr. Fredy Treutel PhD', 'Et in autem dolores in alias perspiciatis. Omnis et maxime rerum voluptas veritatis et sequi accusamus. Dicta rerum ullam omnis sit non impedit dignissimos.', 2, '2023-09-12 10:36:53', '2023-09-12 10:36:53'),
(219, 26, 'Dr. Giovanna White', 'Sint dolor harum natus nihil tenetur vero. Voluptatem adipisci non iusto sunt velit culpa excepturi. Doloremque atque eligendi dignissimos facere nam ea sint earum.', 0, '2023-09-12 10:36:53', '2023-09-12 10:36:53'),
(220, 9, 'Nelda Ward', 'Reiciendis iure aut dolore possimus sequi. Qui adipisci est voluptatum saepe mollitia quo. In necessitatibus qui autem at repellat. Quia occaecati nobis dolor quo at. Occaecati nemo soluta sint eaque aut ut quia magnam.', 5, '2023-09-12 10:36:53', '2023-09-12 10:36:53'),
(221, 71, 'Elsa Bartell V', 'Et esse hic aperiam tempore. Est aspernatur qui provident quia. Ab voluptatem ratione at distinctio. Voluptas necessitatibus quia qui numquam voluptatem.', 2, '2023-09-12 10:36:53', '2023-09-12 10:36:53'),
(222, 142, 'Geovanni Bernier', 'Ut laboriosam ducimus quo omnis soluta qui. Consequatur ea aspernatur ut velit perferendis eos.', 3, '2023-09-12 10:36:53', '2023-09-12 10:36:53'),
(223, 49, 'Mekhi Ruecker', 'Eos dolorem dicta laborum voluptatem fugit. Unde aut qui facilis non. Consectetur labore asperiores maiores ut quia iste. Eum quasi dolor quo placeat.', 4, '2023-09-12 10:36:53', '2023-09-12 10:36:53'),
(224, 134, 'Dr. Chesley Lueilwitz DVM', 'Consequatur nihil quia voluptates ut vel. Cupiditate eum velit illum autem rem error. Voluptatem occaecati et dolores quis enim error.', 0, '2023-09-12 10:36:53', '2023-09-12 10:36:53'),
(225, 8, 'Fred Walker', 'Quo et sunt adipisci praesentium quas assumenda. Impedit possimus reprehenderit esse iste architecto.', 4, '2023-09-12 10:36:53', '2023-09-12 10:36:53'),
(226, 68, 'Dr. Bernhard Wisoky III', 'Ipsum unde molestiae voluptatem quam quas aut. Fugiat rem ipsa ex officia quibusdam sapiente. Corrupti non fugiat magni sed odio inventore. Magnam eum sed incidunt saepe ipsam possimus.', 5, '2023-09-12 10:36:53', '2023-09-12 10:36:53'),
(227, 150, 'Dr. Evangeline Stiedemann', 'Id mollitia dolore quod maiores molestiae quia hic nobis. Aliquid vero sunt ipsa qui alias est et dignissimos. Eveniet voluptatum exercitationem ut harum. Aliquam quae ullam est iste qui possimus.', 1, '2023-09-12 10:36:53', '2023-09-12 10:36:53'),
(228, 104, 'Claudia West', 'Voluptatem tenetur ex voluptates voluptatem magnam quia. Asperiores ut iusto repellat quae recusandae rerum exercitationem dolorem. Hic adipisci qui similique possimus doloremque sed sed.', 5, '2023-09-12 10:36:53', '2023-09-12 10:36:53'),
(229, 115, 'Mr. Llewellyn Schmitt', 'Corrupti nam sed vitae repellat. Repellendus est sit iusto quo quibusdam autem delectus. Delectus atque sunt optio pariatur.', 4, '2023-09-12 10:36:53', '2023-09-12 10:36:53'),
(230, 96, 'Lenna Kreiger', 'Omnis eum quis impedit. Consequuntur voluptatem quos voluptatem rerum nam et occaecati. Et autem velit molestiae. Ut totam voluptatem eaque magnam et ipsum voluptatem. Dolor aliquid aliquam nostrum rem occaecati inventore.', 3, '2023-09-12 10:36:53', '2023-09-12 10:36:53'),
(231, 61, 'Prof. Emmie Fahey', 'Eaque tempora quaerat facere inventore at provident. In quia aut eum soluta. Amet non rem molestias a optio est saepe.', 5, '2023-09-12 10:36:53', '2023-09-12 10:36:53'),
(232, 143, 'Minerva Kautzer', 'In cumque pariatur voluptas tempora voluptatem et voluptatibus. Nobis dolorem tempora adipisci ipsa reiciendis aut mollitia. Quibusdam et autem qui voluptatum quod numquam sint ad. Repellendus enim aperiam distinctio illo consectetur doloribus.', 2, '2023-09-12 10:36:53', '2023-09-12 10:36:53'),
(233, 112, 'Wilhelm Connelly', 'Nihil nisi enim facilis nemo unde hic est. Consequatur odit praesentium est alias quod voluptatibus.', 0, '2023-09-12 10:36:53', '2023-09-12 10:36:53'),
(234, 141, 'Lempi Hagenes', 'Magni tenetur similique laboriosam aut. Saepe itaque nesciunt delectus reiciendis in voluptatem.', 5, '2023-09-12 10:36:53', '2023-09-12 10:36:53'),
(235, 82, 'D\'angelo Boyer DVM', 'Necessitatibus aliquid ut dolores architecto. Culpa assumenda consequatur exercitationem molestias eaque neque fugiat. Sint ab veritatis beatae aut voluptatibus.', 0, '2023-09-12 10:36:53', '2023-09-12 10:36:53'),
(236, 148, 'Dr. Troy Upton', 'Qui quo est laborum ut voluptate quod adipisci. Incidunt porro nam non doloremque corporis sit exercitationem. Voluptatem repellendus sit id ut voluptas. Dicta voluptatum aliquid doloribus ullam in pariatur.', 4, '2023-09-12 10:36:53', '2023-09-12 10:36:53'),
(237, 40, 'Mr. Simeon Windler Sr.', 'Consequatur temporibus magni voluptas incidunt quo animi. Quae tempora ut ratione pariatur architecto enim. Saepe cupiditate sit consequatur incidunt. Harum labore illo ea quisquam sit ducimus. Voluptas sit enim suscipit voluptatum suscipit.', 1, '2023-09-12 10:36:54', '2023-09-12 10:36:54'),
(238, 124, 'June Will', 'Necessitatibus consequatur omnis dolores quis porro veniam. Voluptas natus doloribus non sit ut id. Porro quia qui quia perferendis. Impedit sint repellendus aut praesentium facilis et blanditiis.', 0, '2023-09-12 10:36:54', '2023-09-12 10:36:54'),
(239, 148, 'Nicholaus Wuckert', 'Id maiores magni velit nam et eos officia voluptatum. Quo sapiente suscipit vel error aliquam minus. Et ea aut beatae omnis voluptatem vel cumque voluptatum.', 5, '2023-09-12 10:36:54', '2023-09-12 10:36:54'),
(240, 74, 'Arch Wolff', 'Est placeat sit veritatis. Eveniet cumque mollitia saepe facere et. In cumque quibusdam impedit ab natus enim non excepturi.', 4, '2023-09-12 10:36:54', '2023-09-12 10:36:54'),
(241, 121, 'Sibyl Hegmann Jr.', 'Minima sunt excepturi omnis. Saepe eveniet fugit velit nesciunt impedit alias velit qui. Vel ullam blanditiis quia. Odio repellendus repellendus porro enim quia veritatis sit.', 1, '2023-09-12 10:36:54', '2023-09-12 10:36:54'),
(242, 17, 'Prof. Helmer Rowe', 'Quas dolor dolore inventore laboriosam. Aspernatur consectetur veniam id qui. Rem sapiente impedit et blanditiis qui.', 3, '2023-09-12 10:36:54', '2023-09-12 10:36:54'),
(243, 28, 'Ms. Rhea Brekke DDS', 'Sed asperiores sunt ratione. Aut blanditiis praesentium veritatis nam esse.', 4, '2023-09-12 10:36:54', '2023-09-12 10:36:54'),
(244, 92, 'Aurelio Jacobson', 'Et voluptatibus saepe inventore voluptates et adipisci quidem. Laboriosam repudiandae laudantium molestias animi eos.', 3, '2023-09-12 10:36:54', '2023-09-12 10:36:54'),
(245, 46, 'Ida Streich', 'Sit est eligendi voluptas. Quia provident sed pariatur et et impedit fugiat harum. Repellat quaerat autem quis accusamus voluptatem. Dolore ut neque voluptas dicta.', 3, '2023-09-12 10:36:54', '2023-09-12 10:36:54'),
(246, 119, 'Miss Patience Murray MD', 'Placeat maxime eius laborum molestiae quibusdam. Et nulla ea eum incidunt ea esse aperiam. Eaque enim nihil unde quia.', 5, '2023-09-12 10:36:54', '2023-09-12 10:36:54'),
(247, 4, 'Nella Bergstrom', 'Quia facere et magni veniam exercitationem aut. Laboriosam vero est omnis possimus fuga fugit et. Nulla iure consequatur est culpa.', 5, '2023-09-12 10:36:54', '2023-09-12 10:36:54'),
(248, 83, 'Hazel Sanford', 'Et quo tempora necessitatibus magni in ut. Dolore inventore et molestiae non provident rerum sed. Eum sequi illum sunt ad ullam voluptatem. Et quis exercitationem illum aut sed.', 2, '2023-09-12 10:36:54', '2023-09-12 10:36:54'),
(249, 55, 'Cullen Schmitt', 'Reiciendis officia veritatis vero voluptatum sequi impedit ea. Non distinctio nam non sint. Velit dolorum et repellendus sequi laboriosam. Voluptatem non culpa nihil maiores molestiae explicabo repudiandae.', 5, '2023-09-12 10:36:54', '2023-09-12 10:36:54'),
(250, 85, 'Jeromy Schoen', 'Quisquam repudiandae optio beatae quaerat sunt. Temporibus ea dolorem fugiat.', 5, '2023-09-12 10:36:54', '2023-09-12 10:36:54'),
(251, 135, 'Prof. Geoffrey Frami', 'Ipsum commodi sed aut magnam. Molestiae provident neque omnis magni inventore voluptatem cupiditate. Accusamus inventore enim quo est nesciunt architecto.', 3, '2023-09-12 10:36:54', '2023-09-12 10:36:54'),
(252, 87, 'Ms. Cristal Huel MD', 'Nesciunt nobis amet quos et ullam et et. Suscipit voluptatem ut cumque iusto repudiandae enim quo consequatur. Quos optio ut culpa quia pariatur. Dolor quasi alias dolorem.', 2, '2023-09-12 10:36:54', '2023-09-12 10:36:54'),
(253, 106, 'Jett Schuster', 'Sed modi voluptatibus numquam quia quos adipisci. Qui molestiae modi nam necessitatibus voluptate ut. Magni quia odio officiis saepe voluptatem sint.', 5, '2023-09-12 10:36:54', '2023-09-12 10:36:54'),
(254, 143, 'Mrs. Matilda Carroll', 'Aliquam possimus dolorum laborum dignissimos. Consequatur voluptates dolore quo recusandae magnam omnis blanditiis. Architecto et accusantium pariatur. Pariatur dolor voluptatem occaecati libero.', 1, '2023-09-12 10:36:54', '2023-09-12 10:36:54'),
(255, 45, 'Carley O\'Kon', 'Ab nostrum rerum aut dolore sequi. Rerum veniam provident et. Voluptas natus quam nisi et ab. Officiis esse quasi quos.', 0, '2023-09-12 10:36:54', '2023-09-12 10:36:54'),
(256, 113, 'Alden Mayer', 'Sed quae laudantium qui et enim. Sed illo cum consequuntur qui dolores est.', 1, '2023-09-12 10:36:54', '2023-09-12 10:36:54'),
(257, 126, 'Prof. Asha Leffler III', 'Culpa velit qui aspernatur perspiciatis. Deleniti aut autem sint molestiae laudantium iste. Fugit ea cum ullam ducimus at corrupti ipsum.', 2, '2023-09-12 10:36:54', '2023-09-12 10:36:54'),
(258, 23, 'Dr. Donato Leannon', 'Voluptatem repellendus natus sed libero officiis libero labore. Quas et nihil aperiam ea a fugiat. Illo sit quas labore itaque recusandae officia. Occaecati quisquam doloribus illo ullam velit.', 5, '2023-09-12 10:36:54', '2023-09-12 10:36:54'),
(259, 4, 'Mr. Russ Goodwin', 'Consequatur non quos modi nostrum similique. Enim saepe ea velit quisquam. Fugit velit consequatur quia. Quisquam odio doloribus in illum delectus deserunt ex. Sunt eos occaecati omnis blanditiis recusandae occaecati sed.', 1, '2023-09-12 10:36:54', '2023-09-12 10:36:54'),
(260, 89, 'Erich Gislason', 'Doloremque libero laborum illo ducimus voluptas rem atque. Eum sapiente illo aperiam officia ipsum qui commodi. Consectetur ex vero rerum error dolorem. Vel sed sit asperiores est aspernatur.', 2, '2023-09-12 10:36:54', '2023-09-12 10:36:54'),
(261, 143, 'Dianna Mueller', 'Enim ullam dolorum quam et. Blanditiis iste porro explicabo molestiae. Veritatis iusto numquam eos blanditiis doloribus inventore earum esse.', 5, '2023-09-12 10:36:54', '2023-09-12 10:36:54'),
(262, 141, 'Felicity Vandervort', 'Fugit rerum suscipit eos eos. Facilis perferendis labore sit rem ipsa amet. Qui officia veniam quidem quod sunt et.', 0, '2023-09-12 10:36:54', '2023-09-12 10:36:54'),
(263, 62, 'Dalton Crooks PhD', 'In voluptatem facilis aspernatur non autem cumque. Enim at harum aut.', 0, '2023-09-12 10:36:54', '2023-09-12 10:36:54'),
(264, 146, 'Mr. Hillard Mitchell', 'Et et aspernatur sed harum. Optio non praesentium perspiciatis ut delectus iusto. Sint pariatur blanditiis molestiae nam veritatis ea iusto.', 2, '2023-09-12 10:36:55', '2023-09-12 10:36:55'),
(265, 54, 'Casimir Orn', 'Fugiat qui dolorem quia eveniet sunt pariatur molestias quo. Voluptates rerum dolor vero et dolor quia.', 1, '2023-09-12 10:36:55', '2023-09-12 10:36:55'),
(266, 44, 'Maribel Gorczany', 'Non reiciendis qui voluptas sequi libero sed. Tenetur occaecati magnam nisi aliquam dignissimos incidunt reprehenderit. Non voluptas rerum nostrum unde quas eum qui. Iusto impedit magnam dolorem.', 0, '2023-09-12 10:36:55', '2023-09-12 10:36:55'),
(267, 129, 'Dr. Stuart Christiansen', 'Molestiae excepturi sed neque libero. Doloremque sint animi et ipsum in est. Nihil delectus vero provident beatae. Facere architecto repellat distinctio ullam occaecati dolor suscipit eum.', 1, '2023-09-12 10:36:55', '2023-09-12 10:36:55'),
(268, 68, 'Ricardo Langosh', 'Enim ullam libero sit quia. Fugit non nesciunt consectetur modi quae voluptas consequuntur quia. Sint qui repellat amet earum.', 2, '2023-09-12 10:36:55', '2023-09-12 10:36:55'),
(269, 121, 'Kaylie Steuber', 'Accusantium quis enim minus ad. Soluta voluptatem et dolorem nostrum. Dolor unde quam laboriosam quo. Consequatur voluptatem commodi distinctio enim assumenda.', 4, '2023-09-12 10:36:55', '2023-09-12 10:36:55'),
(270, 39, 'Polly Erdman', 'Reprehenderit minima ipsum delectus est ab fuga quia veritatis. Ea odio similique nesciunt ad ea consequatur provident.', 3, '2023-09-12 10:36:55', '2023-09-12 10:36:55'),
(271, 150, 'Mafalda Wisoky', 'Soluta voluptas culpa consequatur. Quam at velit vel. Consequuntur ipsum fuga in hic asperiores.', 4, '2023-09-12 10:36:55', '2023-09-12 10:36:55'),
(272, 125, 'Queen Bergnaum', 'Occaecati quaerat aut asperiores consectetur hic. Quia sed laboriosam quia culpa illum ea minus. Autem quo harum est dolores a ipsa. Nam sunt mollitia at cupiditate.', 3, '2023-09-12 10:36:55', '2023-09-12 10:36:55'),
(273, 101, 'Carleton Wilkinson', 'Similique dicta dicta a quia iure numquam incidunt. Similique laboriosam eos eius dolorem in molestiae. In asperiores ducimus qui aspernatur doloremque occaecati. Recusandae architecto molestiae velit amet fugiat impedit blanditiis repudiandae. Doloribus unde sunt hic in.', 1, '2023-09-12 10:36:55', '2023-09-12 10:36:55'),
(274, 146, 'Kobe Brakus', 'Illo perferendis cumque laborum sequi. Et dicta dolor temporibus occaecati voluptatem. Atque et perspiciatis officiis ut beatae. Sed consequatur neque error optio officia amet voluptatem.', 1, '2023-09-12 10:36:55', '2023-09-12 10:36:55'),
(275, 65, 'Dr. Christopher Dare III', 'Dignissimos veritatis harum sed voluptatem atque perferendis. Quod aperiam quasi labore labore molestias est. Dolores ipsa aperiam impedit rerum autem. Non nemo ad est eveniet earum inventore.', 2, '2023-09-12 10:36:55', '2023-09-12 10:36:55'),
(276, 122, 'Dallin Ratke', 'Nostrum quia deserunt et. Veritatis illo magni et incidunt excepturi at. Laborum non ea et quis occaecati. Quo repellendus aliquam praesentium rerum doloremque ut sed optio.', 4, '2023-09-12 10:36:55', '2023-09-12 10:36:55'),
(277, 100, 'Marilou Schumm MD', 'Velit perspiciatis architecto quidem voluptas qui voluptatibus et. Autem qui omnis tempora eaque sed reprehenderit voluptatem. Eligendi aut voluptatibus est qui saepe aut. Necessitatibus pariatur soluta natus magnam sed.', 5, '2023-09-12 10:36:55', '2023-09-12 10:36:55'),
(278, 11, 'Miracle Spencer', 'Delectus est aut perferendis autem voluptas. Quisquam eveniet beatae quia dicta. Consectetur exercitationem earum voluptate inventore. Cum rem et ipsa est iusto.', 3, '2023-09-12 10:36:55', '2023-09-12 10:36:55'),
(279, 94, 'Conner Heathcote', 'Et ut placeat sint quos nesciunt maxime et. Nihil explicabo sint nihil pariatur qui qui. Vel aut ipsum error rerum.', 3, '2023-09-12 10:36:55', '2023-09-12 10:36:55'),
(280, 54, 'Twila Dicki', 'Omnis nesciunt porro placeat molestiae officia nesciunt. Harum similique est ipsum consequatur rem est. Officia architecto nesciunt delectus dignissimos tenetur debitis. Dignissimos nulla ipsum ut esse ducimus dolores maxime veritatis. Praesentium voluptatibus numquam voluptatem aut reiciendis consectetur aliquam consequatur.', 2, '2023-09-12 10:36:55', '2023-09-12 10:36:55'),
(281, 109, 'Aditya Cole', 'Veniam excepturi eligendi aliquid commodi doloremque est ut. Omnis vitae et in perspiciatis aut voluptas. Numquam delectus autem aliquam.', 0, '2023-09-12 10:36:55', '2023-09-12 10:36:55'),
(282, 134, 'Luz Schmidt', 'Fugit ratione quia est voluptas. Architecto exercitationem et et voluptatem deserunt aspernatur consequatur. Neque debitis hic soluta aspernatur. Ut rerum sit veniam inventore dolorem.', 4, '2023-09-12 10:36:55', '2023-09-12 10:36:55'),
(283, 4, 'Danielle Larson', 'Fugit sequi ducimus doloremque nostrum vitae odio sunt. Maiores maiores praesentium cumque dignissimos ex hic. Itaque est ab tenetur amet assumenda quia repellendus omnis.', 3, '2023-09-12 10:36:55', '2023-09-12 10:36:55'),
(284, 2, 'Jeramy Kertzmann PhD', 'Ut mollitia dignissimos dolorum iste aliquid. Exercitationem ut sequi modi. Voluptas tenetur voluptatum eligendi eligendi dolor a. Non libero enim excepturi labore sed voluptatem voluptatem.', 5, '2023-09-12 10:36:55', '2023-09-12 10:36:55'),
(285, 99, 'Dr. Taurean Gusikowski DDS', 'Recusandae dolore occaecati tenetur neque sed. Possimus sint ut ducimus. Ad pariatur non amet sit libero voluptatem.', 2, '2023-09-12 10:36:55', '2023-09-12 10:36:55'),
(286, 72, 'Mrs. Carley Leffler', 'Officiis repellendus beatae velit sunt suscipit qui ex ullam. Et sit nihil qui est delectus. Corrupti itaque officiis velit dolores. Quidem aperiam natus et suscipit.', 0, '2023-09-12 10:36:55', '2023-09-12 10:36:55'),
(287, 98, 'Krystel Maggio DVM', 'Voluptas et deleniti fugiat et laudantium aliquid nisi. Recusandae consequatur aut quas omnis harum. Ut et repellendus sunt id. Error fugit voluptate fuga maiores.', 5, '2023-09-12 10:36:55', '2023-09-12 10:36:55'),
(288, 6, 'Jerry Stiedemann', 'Numquam et est amet qui odit commodi nam quod. Vero tenetur molestiae qui dolorem dignissimos repudiandae omnis aperiam. Cupiditate veritatis labore id cumque nostrum non. Veritatis porro sit enim omnis delectus commodi.', 5, '2023-09-12 10:36:55', '2023-09-12 10:36:55'),
(289, 144, 'Patsy Graham', 'Nemo reiciendis molestias quaerat enim. Voluptas consectetur quo in et cum.', 0, '2023-09-12 10:36:55', '2023-09-12 10:36:55'),
(290, 145, 'Mr. Allen Wuckert', 'Facilis officia ea dolores aut. Et et necessitatibus et. Ea provident consequatur aliquam.', 5, '2023-09-12 10:36:55', '2023-09-12 10:36:55'),
(291, 117, 'Gayle Wuckert', 'Consequatur suscipit qui non ducimus est sed eligendi et. Nobis possimus nostrum quia nihil. Qui quibusdam molestiae accusamus in qui.', 3, '2023-09-12 10:36:55', '2023-09-12 10:36:55'),
(292, 100, 'Miss Karine Herzog', 'Quo praesentium eius quo sit laborum. Voluptas eos aut qui veritatis. Cupiditate dolorem similique voluptate hic. Quia voluptas hic et ut.', 4, '2023-09-12 10:36:55', '2023-09-12 10:36:55'),
(293, 146, 'Jennyfer Jaskolski DVM', 'Sit facere facere repellat vel sequi. Ex debitis omnis dolores voluptatem dignissimos ducimus quis eius. Voluptas vel corrupti consequatur aspernatur.', 4, '2023-09-12 10:36:55', '2023-09-12 10:36:55'),
(294, 96, 'Dr. Mallory Pfannerstill V', 'Quibusdam ea eum alias in maiores. Harum corporis ipsum sed qui enim cumque enim. Ipsa impedit est tenetur ut exercitationem nihil ipsum.', 4, '2023-09-12 10:36:55', '2023-09-12 10:36:55'),
(295, 49, 'Mrs. Alana O\'Connell', 'Est quia doloremque sed dolor fugit iusto nulla aut. Dolorem tempore neque id sint porro architecto alias. Sed minima quod dolor quia maiores. Suscipit sit quis quis rem occaecati nihil.', 0, '2023-09-12 10:36:55', '2023-09-12 10:36:55'),
(296, 29, 'Prof. Violette Rogahn', 'Et voluptates voluptatum quaerat cumque nihil officiis dolor. Doloremque nihil provident iste officiis quasi cupiditate nihil similique.', 5, '2023-09-12 10:36:56', '2023-09-12 10:36:56'),
(297, 110, 'Julia Rosenbaum Sr.', 'Nulla sit fuga incidunt ea. Mollitia aut architecto est omnis. In ipsum qui tempora quidem ab ipsam.', 3, '2023-09-12 10:36:56', '2023-09-12 10:36:56'),
(298, 54, 'Graham Cremin', 'Eveniet quo aut reiciendis. Fuga autem adipisci modi distinctio iste. Molestiae libero quae quos et eos illo.', 3, '2023-09-12 10:36:56', '2023-09-12 10:36:56'),
(299, 49, 'Leone Little', 'Deleniti architecto eaque modi illo aut. Facere qui officia accusamus voluptas error nihil ut esse. Facere et unde id veniam voluptate. Ipsam dicta nam maxime voluptas.', 5, '2023-09-12 10:36:56', '2023-09-12 10:36:56'),
(300, 22, 'Dr. Aracely McGlynn', 'Qui fugit sit at sit quas iusto autem. Ex omnis assumenda vel quaerat ratione. Id omnis voluptas sapiente repudiandae voluptatem ullam natus. Enim mollitia est et sequi necessitatibus animi velit repudiandae.', 1, '2023-09-12 10:36:56', '2023-09-12 10:36:56');

-- --------------------------------------------------------

--
-- Table structure for table `users`
--

DROP TABLE IF EXISTS `users`;
CREATE TABLE IF NOT EXISTS `users` (
  `id` bigint UNSIGNED NOT NULL AUTO_INCREMENT,
  `name` varchar(255) COLLATE utf8mb4_unicode_ci NOT NULL,
  `email` varchar(255) COLLATE utf8mb4_unicode_ci NOT NULL,
  `email_verified_at` timestamp NULL DEFAULT NULL,
  `password` varchar(255) COLLATE utf8mb4_unicode_ci NOT NULL,
  `remember_token` varchar(100) COLLATE utf8mb4_unicode_ci DEFAULT NULL,
  `created_at` timestamp NULL DEFAULT NULL,
  `updated_at` timestamp NULL DEFAULT NULL,
  PRIMARY KEY (`id`),
  UNIQUE KEY `users_email_unique` (`email`)
) ENGINE=InnoDB DEFAULT CHARSET=utf8mb4 COLLATE=utf8mb4_unicode_ci;

--
-- Constraints for dumped tables
--

--
-- Constraints for table `reviews`
--
ALTER TABLE `reviews`
  ADD CONSTRAINT `reviews_product_id_foreign` FOREIGN KEY (`product_id`) REFERENCES `products` (`id`) ON DELETE CASCADE;
COMMIT;

/*!40101 SET CHARACTER_SET_CLIENT=@OLD_CHARACTER_SET_CLIENT */;
/*!40101 SET CHARACTER_SET_RESULTS=@OLD_CHARACTER_SET_RESULTS */;
/*!40101 SET COLLATION_CONNECTION=@OLD_COLLATION_CONNECTION */;
